,Filename,Feature
0,Math 2A - Calculus - Lecture 02 - Functions and Transformations_4_11.jpeg,Hand_Written
1,Math 2A - Calculus - Lecture 02 - Functions and Transformations_4_2.jpeg,Hand_Written
2,Math 2A - Calculus - Lecture 02 - Functions and Transformations_4_6.jpeg,Hand_Written
3,Math 2A - Calculus - Lecture 02 - Functions and Transformations_4_10.jpeg,Hand_Written
4,Math 2A - Calculus - Lecture 02 - Functions and Transformations_4_14.jpeg,Hand_Written
5,Math 2A - Calculus - Lecture 02 - Functions and Transformations_4_3.jpeg,Hand_Written
6,Math 2A - Calculus - Lecture 02 - Functions and Transformations_4_9.jpeg,Hand_Written
7,Math 2A - Calculus - Lecture 02 - Functions and Transformations_4_8.jpeg,Hand_Written
8,Math 2A - Calculus - Lecture 02 - Functions and Transformations_4_4.jpeg,Hand_Written
9,Math 2A - Calculus - Lecture 02 - Functions and Transformations_4_5.jpeg,Hand_Written
10,Math 2A - Calculus - Lecture 02 - Functions and Transformations_4_13.jpeg,Hand_Written
11,Math 2A - Calculus - Lecture 02 - Functions and Transformations_4_7.jpeg,Hand_Written
12,Math 2A - Calculus - Lecture 02 - Functions and Transformations_4_12.jpeg,Hand_Written
13,Math 2A - Calculus - Lecture 02 - Functions and Transformations_5_7.jpeg,Hand_Written
14,Math 2A - Calculus - Lecture 02 - Functions and Transformations_5_2.jpeg,Hand_Written
15,Math 2A - Calculus - Lecture 02 - Functions and Transformations_5_8.jpeg,Hand_Written
16,Math 2A - Calculus - Lecture 02 - Functions and Transformations_5_1.jpeg,Hand_Written
17,Math 2A - Calculus - Lecture 02 - Functions and Transformations_5_11.jpeg,Hand_Written
18,Math 2A - Calculus - Lecture 02 - Functions and Transformations_5_12.jpeg,Hand_Written
19,Math 2A - Calculus - Lecture 02 - Functions and Transformations_5_14.jpeg,Hand_Written
20,Math 2A - Calculus - Lecture 02 - Functions and Transformations_5_9.jpeg,Hand_Written
21,Math 2A - Calculus - Lecture 02 - Functions and Transformations_5_13.jpeg,Hand_Written
22,Math 2A - Calculus - Lecture 02 - Functions and Transformations_5_4.jpeg,Hand_Written
23,Math 2A - Calculus - Lecture 02 - Functions and Transformations_5_0.jpeg,Hand_Written
24,Math 2A - Calculus - Lecture 02 - Functions and Transformations_5_3.jpeg,Hand_Written
25,Math 2A - Calculus - Lecture 02 - Functions and Transformations_5_6.jpeg,Hand_Written
26,Math 2A - Calculus - Lecture 02 - Functions and Transformations_5_10.jpeg,Hand_Written
27,Math 2A - Calculus - Lecture 02 - Functions and Transformations_5_5.jpeg,Hand_Written
28,Math 2A - Calculus - Lecture 02 - Functions and Transformations_6_9.jpeg,Hand_Written
29,Math 2A - Calculus - Lecture 02 - Functions and Transformations_6_11.jpeg,Hand_Written
30,Math 2A - Calculus - Lecture 02 - Functions and Transformations_6_8.jpeg,Hand_Written
31,Math 2A - Calculus - Lecture 02 - Functions and Transformations_6_2.jpeg,Hand_Written
32,Math 2A - Calculus - Lecture 02 - Functions and Transformations_6_0.jpeg,Hand_Written
33,Math 2A - Calculus - Lecture 02 - Functions and Transformations_6_10.jpeg,Hand_Written
34,Math 2A - Calculus - Lecture 02 - Functions and Transformations_6_7.jpeg,Hand_Written
35,Math 2A - Calculus - Lecture 02 - Functions and Transformations_6_14.jpeg,Hand_Written
36,Math 2A - Calculus - Lecture 02 - Functions and Transformations_6_5.jpeg,Hand_Written
37,Math 2A - Calculus - Lecture 02 - Functions and Transformations_6_13.jpeg,Hand_Written
38,Math 2A - Calculus - Lecture 02 - Functions and Transformations_6_3.jpeg,Hand_Written
39,Math 2A - Calculus - Lecture 02 - Functions and Transformations_6_4.jpeg,Hand_Written
40,Math 2A - Calculus - Lecture 02 - Functions and Transformations_6_1.jpeg,Hand_Written
41,Math 2A - Calculus - Lecture 02 - Functions and Transformations_6_12.jpeg,Hand_Written
42,Math 2A - Calculus - Lecture 02 - Functions and Transformations_6_6.jpeg,Hand_Written
43,Math 2A - Calculus - Lecture 02 - Functions and Transformations_7_5.jpeg,Hand_Written
44,Math 2A - Calculus - Lecture 02 - Functions and Transformations_7_6.jpeg,Hand_Written
45,Math 2A - Calculus - Lecture 02 - Functions and Transformations_7_2.jpeg,Hand_Written
46,Math 2A - Calculus - Lecture 02 - Functions and Transformations_7_7.jpeg,Hand_Written
47,Math 2A - Calculus - Lecture 02 - Functions and Transformations_7_4.jpeg,Hand_Written
48,Math 2A - Calculus - Lecture 02 - Functions and Transformations_7_0.jpeg,Hand_Written
49,Math 2A - Calculus - Lecture 02 - Functions and Transformations_7_1.jpeg,Hand_Written
50,Math 2A - Calculus - Lecture 02 - Functions and Transformations_7_3.jpeg,Hand_Written
51,Math 2A - Calculus - Lecture 02 - Functions and Transformations_7_9.jpeg,Hand_Written
52,Math 2A - Calculus - Lecture 02 - Functions and Transformations_7_11.jpeg,Hand_Written
53,Math 2A - Calculus - Lecture 02 - Functions and Transformations_7_13.jpeg,Hand_Written
54,Math 2A - Calculus - Lecture 02 - Functions and Transformations_7_10.jpeg,Hand_Written
55,Math 2A - Calculus - Lecture 02 - Functions and Transformations_7_12.jpeg,Hand_Written
56,Math 2A - Calculus - Lecture 02 - Functions and Transformations_7_8.jpeg,Hand_Written
57,Math 2A - Calculus - Lecture 02 - Functions and Transformations_7_14.jpeg,Hand_Written
58,Math 2A - Calculus - Lecture 02 - Functions and Transformations_8_5.jpeg,Hand_Written
59,Math 2A - Calculus - Lecture 02 - Functions and Transformations_8_0.jpeg,Hand_Written
60,Math 2A - Calculus - Lecture 02 - Functions and Transformations_8_4.jpeg,Hand_Written
61,Math 2A - Calculus - Lecture 02 - Functions and Transformations_8_6.jpeg,Hand_Written
62,Math 2A - Calculus - Lecture 02 - Functions and Transformations_8_2.jpeg,Hand_Written
63,Math 2A - Calculus - Lecture 02 - Functions and Transformations_8_8.jpeg,Hand_Written
64,Math 2A - Calculus - Lecture 02 - Functions and Transformations_8_3.jpeg,Hand_Written
65,Math 2A - Calculus - Lecture 02 - Functions and Transformations_8_7.jpeg,Hand_Written
66,Math 2A - Calculus - Lecture 02 - Functions and Transformations_8_12.jpeg,Hand_Written
67,Math 2A - Calculus - Lecture 02 - Functions and Transformations_8_11.jpeg,Hand_Written
68,Math 2A - Calculus - Lecture 02 - Functions and Transformations_8_14.jpeg,Hand_Written
69,Math 2A - Calculus - Lecture 02 - Functions and Transformations_8_9.jpeg,Hand_Written
70,Math 2A - Calculus - Lecture 02 - Functions and Transformations_8_10.jpeg,Hand_Written
71,Math 2A - Calculus - Lecture 02 - Functions and Transformations_9_0.jpeg,Hand_Written
72,Math 2A - Calculus - Lecture 02 - Functions and Transformations_9_9.jpeg,Hand_Written
73,Math 2A - Calculus - Lecture 02 - Functions and Transformations_9_7.jpeg,Hand_Written
74,Math 2A - Calculus - Lecture 02 - Functions and Transformations_9_8.jpeg,Hand_Written
75,Math 2A - Calculus - Lecture 02 - Functions and Transformations_9_13.jpeg,Hand_Written
76,Math 2A - Calculus - Lecture 02 - Functions and Transformations_9_11.jpeg,Hand_Written
77,Math 2A - Calculus - Lecture 02 - Functions and Transformations_9_6.jpeg,Hand_Written
78,Math 2A - Calculus - Lecture 02 - Functions and Transformations_9_1.jpeg,Hand_Written
79,Math 2A - Calculus - Lecture 02 - Functions and Transformations_9_14.jpeg,Hand_Written
80,Math 2A - Calculus - Lecture 02 - Functions and Transformations_9_3.jpeg,Hand_Written
81,Math 2A - Calculus - Lecture 02 - Functions and Transformations_9_5.jpeg,Hand_Written
82,Math 2A - Calculus - Lecture 02 - Functions and Transformations_9_2.jpeg,Hand_Written
83,Math 2A - Calculus - Lecture 02 - Functions and Transformations_9_12.jpeg,Hand_Written
84,Math 2A - Calculus - Lecture 02 - Functions and Transformations_9_4.jpeg,Hand_Written
85,Math 2A - Calculus - Lecture 04 - Inverse Functions_1_0.jpeg,Hand_Written
86,Math 2A - Calculus - Lecture 04 - Inverse Functions_1_1.jpeg,Hand_Written
87,Math 2A - Calculus - Lecture 04 - Inverse Functions_1_2.jpeg,Hand_Written
88,Math 2A - Calculus - Lecture 04 - Inverse Functions_1_6.jpeg,Hand_Written
89,Math 2A - Calculus - Lecture 04 - Inverse Functions_1_5.jpeg,Hand_Written
90,Math 2A - Calculus - Lecture 04 - Inverse Functions_6_7.jpeg,Hand_Written
91,Math 2A - Calculus - Lecture 04 - Inverse Functions_6_10.jpeg,Hand_Written
92,Math 2A - Calculus - Lecture 04 - Inverse Functions_6_9.jpeg,Hand_Written
93,Math 2A - Calculus - Lecture 04 - Inverse Functions_6_11.jpeg,Hand_Written
94,Math 2A - Calculus - Lecture 04 - Inverse Functions_6_8.jpeg,Hand_Written
95,Math 2A - Calculus - Lecture 04 - Inverse Functions_7_9.jpeg,Hand_Written
96,Math 2A - Calculus - Lecture 04 - Inverse Functions_7_10.jpeg,Hand_Written
97,Math 2A - Calculus - Lecture 04 - Inverse Functions_7_11.jpeg,Hand_Written
98,Math 2A - Calculus - Lecture 04 - Inverse Functions_7_8.jpeg,Hand_Written
99,Math 2A - Calculus - Lecture 04 - Inverse Functions_7_1.jpeg,Hand_Written
100,Math 2A - Calculus - Lecture 04 - Inverse Functions_8_11.jpeg,Hand_Written
101,Math 2A - Calculus - Lecture 04 - Inverse Functions_8_10.jpeg,Hand_Written
102,Math 2A - Calculus - Lecture 04 - Inverse Functions_8_9.jpeg,Hand_Written
103,Math 2A - Calculus - Lecture 04 - Inverse Functions_8_1.jpeg,Hand_Written
104,Math 2A - Calculus - Lecture 04 - Inverse Functions_8_2.jpeg,Hand_Written
105,"Math 2A - Calculus - Lecture 05 - Tangents, Slopes, and Limits_2_11.jpeg",Hand_Written
106,"Math 2A - Calculus - Lecture 05 - Tangents, Slopes, and Limits_2_5.jpeg",Hand_Written
107,"Math 2A - Calculus - Lecture 05 - Tangents, Slopes, and Limits_2_3.jpeg",Hand_Written
108,"Math 2A - Calculus - Lecture 05 - Tangents, Slopes, and Limits_2_10.jpeg",Hand_Written
109,"Math 2A - Calculus - Lecture 05 - Tangents, Slopes, and Limits_2_4.jpeg",Hand_Written
110,"Math 2A - Calculus - Lecture 05 - Tangents, Slopes, and Limits_3_10.jpeg",Hand_Written
111,"Math 2A - Calculus - Lecture 05 - Tangents, Slopes, and Limits_3_1.jpeg",Hand_Written
112,"Math 2A - Calculus - Lecture 05 - Tangents, Slopes, and Limits_3_6.jpeg",Hand_Written
113,"Math 2A - Calculus - Lecture 05 - Tangents, Slopes, and Limits_3_2.jpeg",Hand_Written
114,"Math 2A - Calculus - Lecture 05 - Tangents, Slopes, and Limits_3_5.jpeg",Hand_Written
115,"Math 2A - Calculus - Lecture 05 - Tangents, Slopes, and Limits_3_4.jpeg",Hand_Written
116,"Math 2A - Calculus - Lecture 05 - Tangents, Slopes, and Limits_3_8.jpeg",Hand_Written
117,"Math 2A - Calculus - Lecture 05 - Tangents, Slopes, and Limits_3_9.jpeg",Hand_Written
118,"Math 2A - Calculus - Lecture 05 - Tangents, Slopes, and Limits_3_3.jpeg",Hand_Written
119,"Math 2A - Calculus - Lecture 05 - Tangents, Slopes, and Limits_3_11.jpeg",Hand_Written
120,"Math 2A - Calculus - Lecture 05 - Tangents, Slopes, and Limits_3_7.jpeg",Hand_Written
121,"Math 2A - Calculus - Lecture 05 - Tangents, Slopes, and Limits_3_0.jpeg",Hand_Written
122,"Math 2A - Calculus - Lecture 05 - Tangents, Slopes, and Limits_6_2.jpeg",Hand_Written
123,"Math 2A - Calculus - Lecture 05 - Tangents, Slopes, and Limits_6_10.jpeg",Hand_Written
124,"Math 2A - Calculus - Lecture 05 - Tangents, Slopes, and Limits_6_0.jpeg",Hand_Written
125,"Math 2A - Calculus - Lecture 05 - Tangents, Slopes, and Limits_6_6.jpeg",Hand_Written
126,"Math 2A - Calculus - Lecture 05 - Tangents, Slopes, and Limits_6_3.jpeg",Hand_Written
127,"Math 2A - Calculus - Lecture 05 - Tangents, Slopes, and Limits_6_5.jpeg",Hand_Written
128,"Math 2A - Calculus - Lecture 05 - Tangents, Slopes, and Limits_6_8.jpeg",Hand_Written
129,"Math 2A - Calculus - Lecture 05 - Tangents, Slopes, and Limits_6_1.jpeg",Hand_Written
130,"Math 2A - Calculus - Lecture 05 - Tangents, Slopes, and Limits_6_9.jpeg",Hand_Written
131,"Math 2A - Calculus - Lecture 05 - Tangents, Slopes, and Limits_6_7.jpeg",Hand_Written
132,"Math 2A - Calculus - Lecture 05 - Tangents, Slopes, and Limits_6_11.jpeg",Hand_Written
133,"Math 2A - Calculus - Lecture 05 - Tangents, Slopes, and Limits_6_4.jpeg",Hand_Written
134,"Math 2A - Calculus - Lecture 05 - Tangents, Slopes, and Limits_7_1.jpeg",Hand_Written
135,"Math 2A - Calculus - Lecture 05 - Tangents, Slopes, and Limits_7_2.jpeg",Hand_Written
136,"Math 2A - Calculus - Lecture 05 - Tangents, Slopes, and Limits_7_10.jpeg",Hand_Written
137,"Math 2A - Calculus - Lecture 05 - Tangents, Slopes, and Limits_7_11.jpeg",Hand_Written
138,"Math 2A - Calculus - Lecture 05 - Tangents, Slopes, and Limits_7_7.jpeg",Hand_Written
139,"Math 2A - Calculus - Lecture 05 - Tangents, Slopes, and Limits_7_6.jpeg",Hand_Written
140,"Math 2A - Calculus - Lecture 05 - Tangents, Slopes, and Limits_7_3.jpeg",Hand_Written
141,"Math 2A - Calculus - Lecture 05 - Tangents, Slopes, and Limits_7_9.jpeg",Hand_Written
142,"Math 2A - Calculus - Lecture 05 - Tangents, Slopes, and Limits_7_4.jpeg",Hand_Written
143,"Math 2A - Calculus - Lecture 05 - Tangents, Slopes, and Limits_7_0.jpeg",Hand_Written
144,"Math 2A - Calculus - Lecture 05 - Tangents, Slopes, and Limits_7_5.jpeg",Hand_Written
145,"Math 2A - Calculus - Lecture 05 - Tangents, Slopes, and Limits_7_8.jpeg",Hand_Written
146,"Math 2A - Calculus - Lecture 05 - Tangents, Slopes, and Limits_8_2.jpeg",Hand_Written
147,"Math 2A - Calculus - Lecture 05 - Tangents, Slopes, and Limits_8_5.jpeg",Hand_Written
148,"Math 2A - Calculus - Lecture 05 - Tangents, Slopes, and Limits_8_1.jpeg",Hand_Written
149,"Math 2A - Calculus - Lecture 05 - Tangents, Slopes, and Limits_8_8.jpeg",Hand_Written
150,"Math 2A - Calculus - Lecture 05 - Tangents, Slopes, and Limits_8_0.jpeg",Hand_Written
151,"Math 2A - Calculus - Lecture 05 - Tangents, Slopes, and Limits_8_3.jpeg",Hand_Written
152,"Math 2A - Calculus - Lecture 05 - Tangents, Slopes, and Limits_8_4.jpeg",Hand_Written
153,"Math 2A - Calculus - Lecture 05 - Tangents, Slopes, and Limits_8_6.jpeg",Hand_Written
154,"Math 2A - Calculus - Lecture 05 - Tangents, Slopes, and Limits_8_7.jpeg",Hand_Written
155,"Math 2A - Calculus - Lecture 05 - Tangents, Slopes, and Limits_8_9.jpeg",Hand_Written
156,Math 2A - Calculus - Lecture 06 - Calculating Limits_2_11.jpeg,Hand_Written
157,Math 2A - Calculus - Lecture 06 - Calculating Limits_2_10.jpeg,Hand_Written
158,Math 2A - Calculus - Lecture 06 - Calculating Limits_3_11.jpeg,Hand_Written
159,Math 2A - Calculus - Lecture 06 - Calculating Limits_3_6.jpeg,Hand_Written
160,Math 2A - Calculus - Lecture 06 - Calculating Limits_3_9.jpeg,Hand_Written
161,Math 2A - Calculus - Lecture 06 - Calculating Limits_3_1.jpeg,Hand_Written
162,Math 2A - Calculus - Lecture 06 - Calculating Limits_3_5.jpeg,Hand_Written
163,Math 2A - Calculus - Lecture 06 - Calculating Limits_3_2.jpeg,Hand_Written
164,Math 2A - Calculus - Lecture 06 - Calculating Limits_3_10.jpeg,Hand_Written
165,Math 2A - Calculus - Lecture 06 - Calculating Limits_3_8.jpeg,Hand_Written
166,Math 2A - Calculus - Lecture 06 - Calculating Limits_3_0.jpeg,Hand_Written
167,Math 2A - Calculus - Lecture 06 - Calculating Limits_3_7.jpeg,Hand_Written
168,Math 2A - Calculus - Lecture 06 - Calculating Limits_3_4.jpeg,Hand_Written
169,Math 2A - Calculus - Lecture 06 - Calculating Limits_3_3.jpeg,Hand_Written
170,Math 2A - Calculus - Lecture 06 - Calculating Limits_6_4.jpeg,Hand_Written
171,Math 2A - Calculus - Lecture 06 - Calculating Limits_6_3.jpeg,Hand_Written
172,Math 2A - Calculus - Lecture 06 - Calculating Limits_6_8.jpeg,Hand_Written
173,Math 2A - Calculus - Lecture 06 - Calculating Limits_6_5.jpeg,Hand_Written
174,Math 2A - Calculus - Lecture 06 - Calculating Limits_6_11.jpeg,Hand_Written
175,Math 2A - Calculus - Lecture 06 - Calculating Limits_6_2.jpeg,Hand_Written
176,Math 2A - Calculus - Lecture 06 - Calculating Limits_6_9.jpeg,Hand_Written
177,Math 2A - Calculus - Lecture 06 - Calculating Limits_6_1.jpeg,Hand_Written
178,Math 2A - Calculus - Lecture 06 - Calculating Limits_6_0.jpeg,Hand_Written
179,Math 2A - Calculus - Lecture 06 - Calculating Limits_6_10.jpeg,Hand_Written
180,Math 2A - Calculus - Lecture 06 - Calculating Limits_6_6.jpeg,Hand_Written
181,Math 2A - Calculus - Lecture 06 - Calculating Limits_6_7.jpeg,Hand_Written
182,Math 2A - Calculus - Lecture 06 - Calculating Limits_7_1.jpeg,Hand_Written
183,Math 2A - Calculus - Lecture 06 - Calculating Limits_7_0.jpeg,Hand_Written
184,Math 2A - Calculus - Lecture 06 - Calculating Limits_7_2.jpeg,Hand_Written
185,Math 2A - Calculus - Lecture 06 - Calculating Limits_7_8.jpeg,Hand_Written
186,Math 2A - Calculus - Lecture 06 - Calculating Limits_7_7.jpeg,Hand_Written
187,Math 2A - Calculus - Lecture 06 - Calculating Limits_7_5.jpeg,Hand_Written
188,Math 2A - Calculus - Lecture 06 - Calculating Limits_7_6.jpeg,Hand_Written
189,Math 2A - Calculus - Lecture 06 - Calculating Limits_7_3.jpeg,Hand_Written
190,Math 2A - Calculus - Lecture 06 - Calculating Limits_7_9.jpeg,Hand_Written
191,Math 2A - Calculus - Lecture 06 - Calculating Limits_7_4.jpeg,Hand_Written
192,Math 2A - Calculus - Lecture 27 - Final Exam Review_2_11.jpeg,Hand_Written
193,Math 2A - Calculus - Lecture 27 - Final Exam Review_2_3.jpeg,Hand_Written
194,Math 2A - Calculus - Lecture 27 - Final Exam Review_2_0.jpeg,Hand_Written
195,Math 2A - Calculus - Lecture 27 - Final Exam Review_2_9.jpeg,Hand_Written
196,Math 2A - Calculus - Lecture 27 - Final Exam Review_2_2.jpeg,Hand_Written
197,Math 2A - Calculus - Lecture 27 - Final Exam Review_2_6.jpeg,Hand_Written
198,Math 2A - Calculus - Lecture 27 - Final Exam Review_2_5.jpeg,Hand_Written
199,Math 2A - Calculus - Lecture 27 - Final Exam Review_2_7.jpeg,Hand_Written
200,Math 2A - Calculus - Lecture 27 - Final Exam Review_2_1.jpeg,Hand_Written
201,Math 2A - Calculus - Lecture 27 - Final Exam Review_2_4.jpeg,Hand_Written
202,Math 2A - Calculus - Lecture 27 - Final Exam Review_2_8.jpeg,Hand_Written
203,Math 2A - Calculus - Lecture 27 - Final Exam Review_2_10.jpeg,Hand_Written
204,Math 2A - Calculus - Lecture 27 - Final Exam Review_3_4.jpeg,Hand_Written
205,Math 2A - Calculus - Lecture 27 - Final Exam Review_3_0.jpeg,Hand_Written
206,Math 2A - Calculus - Lecture 27 - Final Exam Review_3_11.jpeg,Hand_Written
207,Math 2A - Calculus - Lecture 27 - Final Exam Review_3_10.jpeg,Hand_Written
208,Math 2A - Calculus - Lecture 27 - Final Exam Review_3_7.jpeg,Hand_Written
209,Math 2A - Calculus - Lecture 27 - Final Exam Review_3_2.jpeg,Hand_Written
210,Math 2A - Calculus - Lecture 27 - Final Exam Review_3_5.jpeg,Hand_Written
211,Math 2A - Calculus - Lecture 27 - Final Exam Review_3_8.jpeg,Hand_Written
212,Math 2A - Calculus - Lecture 27 - Final Exam Review_3_6.jpeg,Hand_Written
213,Math 2A - Calculus - Lecture 27 - Final Exam Review_3_1.jpeg,Hand_Written
214,Math 2A - Calculus - Lecture 27 - Final Exam Review_3_3.jpeg,Hand_Written
215,Math 2A - Calculus - Lecture 27 - Final Exam Review_3_9.jpeg,Hand_Written
216,Math 2A - Calculus - Lecture 27 - Final Exam Review_6_0.jpeg,Hand_Written
217,Math 2A - Calculus - Lecture 27 - Final Exam Review_6_2.jpeg,Hand_Written
218,Math 2A - Calculus - Lecture 27 - Final Exam Review_6_1.jpeg,Hand_Written
219,Math 2A - Calculus - Lecture 27 - Final Exam Review_6_3.jpeg,Hand_Written
220,Math 2A - Calculus - Lecture 27 - Final Exam Review_6_8.jpeg,Hand_Written
221,Math 2A - Calculus - Lecture 27 - Final Exam Review_6_4.jpeg,Hand_Written
222,Math 2A - Calculus - Lecture 27 - Final Exam Review_6_6.jpeg,Hand_Written
223,Math 2A - Calculus - Lecture 27 - Final Exam Review_6_11.jpeg,Hand_Written
224,Math 2A - Calculus - Lecture 27 - Final Exam Review_6_5.jpeg,Hand_Written
225,Math 2A - Calculus - Lecture 27 - Final Exam Review_6_9.jpeg,Hand_Written
226,Math 2A - Calculus - Lecture 27 - Final Exam Review_6_10.jpeg,Hand_Written
227,Math 2A - Calculus - Lecture 27 - Final Exam Review_6_7.jpeg,Hand_Written
228,Math 2A - Calculus - Lecture 11 - Midterm Review_67800.jpg,Hand_Written
229,Math 2A - Calculus - Lecture 11 - Midterm Review_70200.jpg,Hand_Written
230,Math 2A - Calculus - Lecture 11 - Midterm Review_79800.jpg,Hand_Written
231,Math 2A - Calculus - Lecture 11 - Midterm Review_80100.jpg,Hand_Written
232,Math 2A - Calculus - Lecture 11 - Midterm Review_76800.jpg,Hand_Written
233,Math 2A - Calculus - Lecture 11 - Midterm Review_69300.jpg,Hand_Written
234,Math 2A - Calculus - Lecture 11 - Midterm Review_68250.jpg,Hand_Written
235,Math 2A - Calculus - Lecture 11 - Midterm Review_76350.jpg,Hand_Written
236,Math 2A - Calculus - Lecture 11 - Midterm Review_79050.jpg,Hand_Written
237,Math 2A - Calculus - Lecture 11 - Midterm Review_80250.jpg,Hand_Written
238,Math 2A - Calculus - Lecture 11 - Midterm Review_69000.jpg,Hand_Written
239,Math 2A - Calculus - Lecture 11 - Midterm Review_78900.jpg,Hand_Written
240,Math 2A - Calculus - Lecture 11 - Midterm Review_66450.jpg,Hand_Written
241,Math 2A - Calculus - Lecture 11 - Midterm Review_68100.jpg,Hand_Written
242,Math 2A - Calculus - Lecture 11 - Midterm Review_68400.jpg,Hand_Written
243,Math 2A - Calculus - Lecture 11 - Midterm Review_81900.jpg,Hand_Written
244,Math 2A - Calculus - Lecture 11 - Midterm Review_79650.jpg,Hand_Written
245,Math 2A - Calculus - Lecture 11 - Midterm Review_77100.jpg,Hand_Written
246,Math 2A - Calculus - Lecture 11 - Midterm Review_76500.jpg,Hand_Written
247,Math 2A - Calculus - Lecture 11 - Midterm Review_70050.jpg,Hand_Written
248,Math 2A - Calculus - Lecture 11 - Midterm Review_72150.jpg,Hand_Written
249,Math 2A - Calculus - Lecture 11 - Midterm Review_75600.jpg,Hand_Written
250,Math 2A - Calculus - Lecture 11 - Midterm Review_69600.jpg,Hand_Written
251,Math 2A - Calculus - Lecture 11 - Midterm Review_78600.jpg,Hand_Written
252,Math 2A - Calculus - Lecture 11 - Midterm Review_79200.jpg,Hand_Written
253,Math 2A - Calculus - Lecture 11 - Midterm Review_79950.jpg,Hand_Written
254,Math 2A - Calculus - Lecture 11 - Midterm Review_78750.jpg,Hand_Written
255,Math 2A - Calculus - Lecture 11 - Midterm Review_75750.jpg,Hand_Written
256,Math 2A - Calculus - Lecture 11 - Midterm Review_69750.jpg,Hand_Written
257,Math 2A - Calculus - Lecture 11 - Midterm Review_68850.jpg,Hand_Written
258,Math 2A - Calculus - Lecture 11 - Midterm Review_65250.jpg,Hand_Written
259,Math 2A - Calculus - Lecture 11 - Midterm Review_79350.jpg,Hand_Written
260,Math 2A - Calculus - Lecture 11 - Midterm Review_71850.jpg,Hand_Written
261,Math 2A - Calculus - Lecture 11 - Midterm Review_79500.jpg,Hand_Written
262,Math 2A - Calculus - Lecture 11 - Midterm Review_81000.jpg,Hand_Written
263,Math 2A - Calculus - Lecture 11 - Midterm Review_29250.jpg,Hand_Written
264,Math 2A - Calculus - Lecture 11 - Midterm Review_35250.jpg,Hand_Written
265,Math 2A - Calculus - Lecture 11 - Midterm Review_66600.jpg,Hand_Written
266,Math 2A - Calculus - Lecture 11 - Midterm Review_63000.jpg,Hand_Written
267,Math 2A - Calculus - Lecture 11 - Midterm Review_22650.jpg,Hand_Written
268,Math 2A - Calculus - Lecture 11 - Midterm Review_33900.jpg,Hand_Written
269,Math 2A - Calculus - Lecture 11 - Midterm Review_65850.jpg,Hand_Written
270,Math 2A - Calculus - Lecture 11 - Midterm Review_62250.jpg,Hand_Written
271,Math 2A - Calculus - Lecture 11 - Midterm Review_62550.jpg,Hand_Written
272,Math 2A - Calculus - Lecture 11 - Midterm Review_67650.jpg,Hand_Written
273,Math 2A - Calculus - Lecture 11 - Midterm Review_62700.jpg,Hand_Written
274,Math 2A - Calculus - Lecture 11 - Midterm Review_22500.jpg,Hand_Written
275,Math 2A - Calculus - Lecture 11 - Midterm Review_65550.jpg,Hand_Written
276,Math 2A - Calculus - Lecture 11 - Midterm Review_36000.jpg,Hand_Written
277,Math 2A - Calculus - Lecture 11 - Midterm Review_28500.jpg,Hand_Written
278,Math 2A - Calculus - Lecture 11 - Midterm Review_63600.jpg,Hand_Written
279,Math 2A - Calculus - Lecture 11 - Midterm Review_62400.jpg,Hand_Written
280,Math 2A - Calculus - Lecture 11 - Midterm Review_66000.jpg,Hand_Written
281,Math 2A - Calculus - Lecture 11 - Midterm Review_62100.jpg,Hand_Written
282,Math 2A - Calculus - Lecture 11 - Midterm Review_29700.jpg,Hand_Written
283,Math 2A - Calculus - Lecture 11 - Midterm Review_34350.jpg,Hand_Written
284,Math 2A - Calculus - Lecture 11 - Midterm Review_66150.jpg,Hand_Written
285,Math 2A - Calculus - Lecture 11 - Midterm Review_62850.jpg,Hand_Written
286,Math 2A - Calculus - Lecture 11 - Midterm Review_35400.jpg,Hand_Written
287,Math 2A - Calculus - Lecture 11 - Midterm Review_29400.jpg,Hand_Written
288,Math 2A - Calculus - Lecture 11 - Midterm Review_64050.jpg,Hand_Written
289,Math 2A - Calculus - Lecture 11 - Midterm Review_65400.jpg,Hand_Written
290,Math 2A - Calculus - Lecture 11 - Midterm Review_34800.jpg,Hand_Written
291,Math 2A - Calculus - Lecture 11 - Midterm Review_34500.jpg,Hand_Written
292,Math 2A - Calculus - Lecture 11 - Midterm Review_67050.jpg,Hand_Written
293,Math 2A - Calculus - Lecture 11 - Midterm Review_64800.jpg,Hand_Written
294,Math 2A - Calculus - Lecture 11 - Midterm Review_31050.jpg,Hand_Written
295,Math 2A - Calculus - Lecture 11 - Midterm Review_35100.jpg,Hand_Written
296,Math 2A - Calculus - Lecture 11 - Midterm Review_36750.jpg,Hand_Written
297,Math 2A - Calculus - Lecture 11 - Midterm Review_37500.jpg,Hand_Written
298,Math 2A - Calculus - Lecture 11 - Midterm Review_63150.jpg,Hand_Written
299,Math 2A - Calculus - Lecture 11 - Midterm Review_32700.jpg,Hand_Written
300,Math 2A - Calculus - Lecture 11 - Midterm Review_36450.jpg,Hand_Written
301,Math 2A - Calculus - Lecture 11 - Midterm Review_34050.jpg,Hand_Written
302,Math 2A - Calculus - Lecture 11 - Midterm Review_29550.jpg,Hand_Written
303,Math 2A - Calculus - Lecture 11 - Midterm Review_37050.jpg,Hand_Written
304,Math 2A - Calculus - Lecture 11 - Midterm Review_34950.jpg,Hand_Written
305,Math 2A - Calculus - Lecture 11 - Midterm Review_64950.jpg,Hand_Written
306,Math 2A - Calculus - Lecture 11 - Midterm Review_34200.jpg,Hand_Written
307,Math 2A - Calculus - Lecture 11 - Midterm Review_49200.jpg,Hand_Written
308,Math 2A - Calculus - Lecture 11 - Midterm Review_64200.jpg,Hand_Written
309,Math 2A - Calculus - Lecture 11 - Midterm Review_22350.jpg,Hand_Written
310,Math 2A - Calculus - Lecture 11 - Midterm Review_35700.jpg,Hand_Written
311,Math 2A - Calculus - Lecture 11 - Midterm Review_67200.jpg,Hand_Written
312,Math 2A - Calculus - Lecture 11 - Midterm Review_65100.jpg,Hand_Written
313,Math 2A - Calculus - Lecture 11 - Midterm Review_36900.jpg,Hand_Written
314,Math 2A - Calculus - Lecture 11 - Midterm Review_33750.jpg,Hand_Written
315,Math 2A - Calculus - Lecture 11 - Midterm Review_32400.jpg,Hand_Written
316,Math 2A - Calculus - Lecture 11 - Midterm Review_65700.jpg,Hand_Written
317,Math 2A - Calculus - Lecture 11 - Midterm Review_29850.jpg,Hand_Written
318,Math 2A - Calculus - Lecture 11 - Midterm Review_63750.jpg,Hand_Written
319,Math 2A - Calculus - Lecture 11 - Midterm Review_34650.jpg,Hand_Written
320,Math 2A - Calculus - Lecture 11 - Midterm Review_63900.jpg,Hand_Written
321,Math 2A - Calculus - Lecture 11 - Midterm Review_16200.jpg,Hand_Written
322,Math 2A - Calculus - Lecture 11 - Midterm Review_21900.jpg,Hand_Written
323,Math 2A - Calculus - Lecture 11 - Midterm Review_22200.jpg,Hand_Written
324,Math 2A - Calculus - Lecture 11 - Midterm Review_20400.jpg,Hand_Written
325,Math 2A - Calculus - Lecture 11 - Midterm Review_23400.jpg,Hand_Written
326,Math 2A - Calculus - Lecture 11 - Midterm Review_22950.jpg,Hand_Written
327,Math 2A - Calculus - Lecture 11 - Midterm Review_17100.jpg,Hand_Written
328,Math 2A - Calculus - Lecture 11 - Midterm Review_17250.jpg,Hand_Written
329,Math 2A - Calculus - Lecture 11 - Midterm Review_22800.jpg,Hand_Written
330,Math 2A - Calculus - Lecture 11 - Midterm Review_16800.jpg,Hand_Written
331,Math 2A - Calculus - Lecture 11 - Midterm Review_17850.jpg,Hand_Written
332,Math 2A - Calculus - Lecture 11 - Midterm Review_19650.jpg,Hand_Written
333,Math 2A - Calculus - Lecture 11 - Midterm Review_18000.jpg,Hand_Written
334,Math 2A - Calculus - Lecture 11 - Midterm Review_19800.jpg,Hand_Written
335,Math 2A - Calculus - Lecture 11 - Midterm Review_17400.jpg,Hand_Written
336,Math 2A - Calculus - Lecture 11 - Midterm Review_23100.jpg,Hand_Written
337,Math 2A - Calculus - Lecture 11 - Midterm Review_21000.jpg,Hand_Written
338,Math 2A - Calculus - Lecture 11 - Midterm Review_20850.jpg,Hand_Written
339,Math 2A - Calculus - Lecture 11 - Midterm Review_20550.jpg,Hand_Written
340,Math 2A - Calculus - Lecture 11 - Midterm Review_21150.jpg,Hand_Written
341,Math 2A - Calculus - Lecture 11 - Midterm Review_29100.jpg,Hand_Written
342,Math 2A - Calculus - Lecture 11 - Midterm Review_20250.jpg,Hand_Written
343,Math 2A - Calculus - Lecture 11 - Midterm Review_22050.jpg,Hand_Written
344,Math 2A - Calculus - Lecture 11 - Midterm Review_28200.jpg,Hand_Written
345,Math 2A - Calculus - Lecture 11 - Midterm Review_16350.jpg,Hand_Written
346,Math 2A - Calculus - Lecture 11 - Midterm Review_17550.jpg,Hand_Written
347,Math 2A - Calculus - Lecture 11 - Midterm Review_16950.jpg,Hand_Written
348,Math 2A - Calculus - Lecture 11 - Midterm Review_16650.jpg,Hand_Written
349,Math 2A - Calculus - Lecture 11 - Midterm Review_19950.jpg,Hand_Written
350,Math 2A - Calculus - Lecture 11 - Midterm Review_21300.jpg,Hand_Written
351,Math 2A - Calculus - Lecture 11 - Midterm Review_19500.jpg,Hand_Written
352,Math 2A - Calculus - Lecture 11 - Midterm Review_20700.jpg,Hand_Written
353,Math 2A - Calculus - Lecture 11 - Midterm Review_20100.jpg,Hand_Written
354,Math 2A - Calculus - Lecture 11 - Midterm Review_21450.jpg,Hand_Written
355,Math 2A - Calculus - Lecture 11 - Midterm Review_28350.jpg,Hand_Written
356,Math 2A - Calculus - Lecture 11 - Midterm Review_18150.jpg,Hand_Written
357,Math 2A - Calculus - Lecture 11 - Midterm Review_21750.jpg,Hand_Written
358,Math 2A - Calculus - Lecture 11 - Midterm Review_23550.jpg,Hand_Written
359,Math 2A - Calculus - Lecture 11 - Midterm Review_16500.jpg,Hand_Written
360,Math 2A - Calculus - Lecture 11 - Midterm Review_16050.jpg,Hand_Written
361,Math 2A - Calculus - Lecture 11 - Midterm Review_77550.jpg,Hand_Written
362,Math 2A - Calculus - Lecture 11 - Midterm Review_73650.jpg,Hand_Written
363,Math 2A - Calculus - Lecture 11 - Midterm Review_74400.jpg,Hand_Written
364,Math 2A - Calculus - Lecture 11 - Midterm Review_75450.jpg,Hand_Written
365,Math 2A - Calculus - Lecture 11 - Midterm Review_73800.jpg,Hand_Written
366,Math 2A - Calculus - Lecture 11 - Midterm Review_83550.jpg,Hand_Written
367,Math 2A - Calculus - Lecture 11 - Midterm Review_81300.jpg,Hand_Written
368,Math 2A - Calculus - Lecture 11 - Midterm Review_28950.jpg,Hand_Written
369,Math 2A - Calculus - Lecture 11 - Midterm Review_33450.jpg,Hand_Written
370,Math 2A - Calculus - Lecture 11 - Midterm Review_77250.jpg,Hand_Written
371,Math 2A - Calculus - Lecture 11 - Midterm Review_19050.jpg,Hand_Written
372,Math 2A - Calculus - Lecture 11 - Midterm Review_70950.jpg,Hand_Written
373,Math 2A - Calculus - Lecture 11 - Midterm Review_64500.jpg,Hand_Written
374,Math 2A - Calculus - Lecture 11 - Midterm Review_70800.jpg,Hand_Written
375,Math 2A - Calculus - Lecture 11 - Midterm Review_81150.jpg,Hand_Written
376,Math 2A - Calculus - Lecture 11 - Midterm Review_31650.jpg,Hand_Written
377,Math 2A - Calculus - Lecture 11 - Midterm Review_36150.jpg,Hand_Written
378,Math 2A - Calculus - Lecture 11 - Midterm Review_72900.jpg,Hand_Written
379,Math 2A - Calculus - Lecture 11 - Midterm Review_75900.jpg,Hand_Written
380,Math 2A - Calculus - Lecture 11 - Midterm Review_27600.jpg,Hand_Written
381,Math 2A - Calculus - Lecture 11 - Midterm Review_28650.jpg,Hand_Written
382,Math 2A - Calculus - Lecture 11 - Midterm Review_74550.jpg,Hand_Written
383,Math 2A - Calculus - Lecture 11 - Midterm Review_71550.jpg,Hand_Written
384,Math 2A - Calculus - Lecture 11 - Midterm Review_30750.jpg,Hand_Written
385,Math 2A - Calculus - Lecture 11 - Midterm Review_69900.jpg,Hand_Written
386,Math 2A - Calculus - Lecture 11 - Midterm Review_33300.jpg,Hand_Written
387,Math 2A - Calculus - Lecture 11 - Midterm Review_71700.jpg,Hand_Written
388,Math 2A - Calculus - Lecture 11 - Midterm Review_82800.jpg,Hand_Written
389,Math 2A - Calculus - Lecture 11 - Midterm Review_73500.jpg,Hand_Written
390,Math 2A - Calculus - Lecture 11 - Midterm Review_30450.jpg,Hand_Written
391,Math 2A - Calculus - Lecture 11 - Midterm Review_28800.jpg,Hand_Written
392,Math 2A - Calculus - Lecture 11 - Midterm Review_71100.jpg,Hand_Written
393,Math 2A - Calculus - Lecture 11 - Midterm Review_31350.jpg,Hand_Written
394,Math 2A - Calculus - Lecture 11 - Midterm Review_35850.jpg,Hand_Written
395,Math 2A - Calculus - Lecture 11 - Midterm Review_73350.jpg,Hand_Written
396,Math 2A - Calculus - Lecture 11 - Midterm Review_24000.jpg,Hand_Written
397,Math 2A - Calculus - Lecture 11 - Midterm Review_76050.jpg,Hand_Written
398,Math 2A - Calculus - Lecture 11 - Midterm Review_74700.jpg,Hand_Written
399,Math 2A - Calculus - Lecture 11 - Midterm Review_64650.jpg,Hand_Written
400,Math 2A - Calculus - Lecture 11 - Midterm Review_30150.jpg,Hand_Written
401,Math 2A - Calculus - Lecture 11 - Midterm Review_72750.jpg,Hand_Written
402,Math 2A - Calculus - Lecture 11 - Midterm Review_81450.jpg,Hand_Written
403,Math 2A - Calculus - Lecture 11 - Midterm Review_76200.jpg,Hand_Written
404,Math 2A - Calculus - Lecture 11 - Midterm Review_70650.jpg,Hand_Written
405,Math 2A - Calculus - Lecture 11 - Midterm Review_77400.jpg,Hand_Written
406,Math 2A - Calculus - Lecture 11 - Midterm Review_73050.jpg,Hand_Written
407,Math 2A - Calculus - Lecture 11 - Midterm Review_64350.jpg,Hand_Written
408,Math 2A - Calculus - Lecture 11 - Midterm Review_30900.jpg,Hand_Written
409,Math 2A - Calculus - Lecture 11 - Midterm Review_31800.jpg,Hand_Written
410,Math 2A - Calculus - Lecture 11 - Midterm Review_31500.jpg,Hand_Written
411,Math 2A - Calculus - Lecture 11 - Midterm Review_74250.jpg,Hand_Written
412,Math 2A - Calculus - Lecture 11 - Midterm Review_28050.jpg,Hand_Written
413,Math 2A - Calculus - Lecture 11 - Midterm Review_30600.jpg,Hand_Written
414,Math 2A - Calculus - Lecture 11 - Midterm Review_72600.jpg,Hand_Written
415,Math 2A - Calculus - Lecture 11 - Midterm Review_32850.jpg,Hand_Written
416,Math 2A - Calculus - Lecture 11 - Midterm Review_80400.jpg,Hand_Written
417,Math 2A - Calculus - Lecture 11 - Midterm Review_30300.jpg,Hand_Written
418,Math 2A - Calculus - Lecture 11 - Midterm Review_30000.jpg,Hand_Written
419,Math 2A - Calculus - Lecture 11 - Midterm Review_37350.jpg,Hand_Written
420,Math 2A - Calculus - Lecture 11 - Midterm Review_74100.jpg,Hand_Written
421,Math 2A - Calculus - Lecture 11 - Midterm Review_24300.jpg,Hand_Written
422,Math 2A - Calculus - Lecture 11 - Midterm Review_73200.jpg,Hand_Written
423,Math 2A - Calculus - Lecture 11 - Midterm Review_33600.jpg,Hand_Written
424,Math 2A - Calculus - Lecture 11 - Midterm Review_73950.jpg,Hand_Written
425,Math 2A - Calculus - Lecture 11 - Midterm Review_21600.jpg,Hand_Written
426,Math 2A - Calculus - Lecture 11 - Midterm Review_31950.jpg,Hand_Written
427,Math 2A - Calculus - Lecture 11 - Midterm Review_77850.jpg,Hand_Written
428,Math 2A - Calculus - Lecture 11 - Midterm Review_77700.jpg,Hand_Written
429,Math 2A - Calculus - Lecture 11 - Midterm Review_68700.jpg,Hand_Written
430,Math 2A - Calculus - Lecture 11 - Midterm Review_32100.jpg,Hand_Written
431,Math 2A - Calculus - Lecture 11 - Midterm Review_71250.jpg,Hand_Written
432,Math 2A - Calculus - Lecture 11 - Midterm Review_18900.jpg,Hand_Written
433,Math 2A - Calculus - Lecture 11 - Midterm Review_72450.jpg,Hand_Written
434,Math 2A - Calculus - Lecture 11 - Midterm Review_71400.jpg,Hand_Written
435,Math 2A - Calculus - Lecture 11 - Midterm Review_31200.jpg,Hand_Written
436,Math 2A - Calculus - Lecture 11 - Midterm Review_19200.jpg,Hand_Written
437,Math 2A - Calculus - Lecture 11 - Midterm Review_72300.jpg,Hand_Written
438,Math 2A - Calculus - Lecture 11 - Midterm Review_68550.jpg,Hand_Written
439,Math 2A - Calculus - Lecture 11 - Midterm Review_23250.jpg,Hand_Written
440,Math 2A - Calculus - Lecture 11 - Midterm Review_18300.jpg,Hand_Written
441,Math 2A - Calculus - Lecture 11 - Midterm Review_25800.jpg,Hand_Written
442,Math 2A - Calculus - Lecture 11 - Midterm Review_33150.jpg,Hand_Written
443,Math 2A - Calculus - Lecture 11 - Midterm Review_27750.jpg,Hand_Written
444,Math 2A - Calculus - Lecture 11 - Midterm Review_18600.jpg,Hand_Written
445,Math 2A - Calculus - Lecture 11 - Midterm Review_17700.jpg,Hand_Written
446,Math 2A - Calculus - Lecture 11 - Midterm Review_19350.jpg,Hand_Written
447,Math 2A - Calculus - Lecture 11 - Midterm Review_18750.jpg,Hand_Written
448,Math 2A - Calculus - Lecture 11 - Midterm Review_18450.jpg,Hand_Written
449,Math 2A - Calculus - Lecture 13 - Trigonometric Derivatives_65700.jpg,Hand_Written
450,Math 2A - Calculus - Lecture 13 - Trigonometric Derivatives_65850.jpg,Hand_Written
451,Math 2A - Calculus - Lecture 13 - Trigonometric Derivatives_64650.jpg,Hand_Written
452,Math 2A - Calculus - Lecture 13 - Trigonometric Derivatives_49950.jpg,Hand_Written
453,Math 2A - Calculus - Lecture 13 - Trigonometric Derivatives_51450.jpg,Hand_Written
454,Math 2A - Calculus - Lecture 13 - Trigonometric Derivatives_49800.jpg,Hand_Written
455,Math 2A - Calculus - Lecture 13 - Trigonometric Derivatives_66000.jpg,Hand_Written
456,Math 2A - Calculus - Lecture 13 - Trigonometric Derivatives_65100.jpg,Hand_Written
457,Math 2A - Calculus - Lecture 13 - Trigonometric Derivatives_37500.jpg,Hand_Written
458,Math 2A - Calculus - Lecture 13 - Trigonometric Derivatives_66150.jpg,Hand_Written
459,Math 2A - Calculus - Lecture 13 - Trigonometric Derivatives_31050.jpg,Hand_Written
460,Math 2A - Calculus - Lecture 13 - Trigonometric Derivatives_66300.jpg,Hand_Written
461,Math 2A - Calculus - Lecture 13 - Trigonometric Derivatives_63900.jpg,Hand_Written
462,Math 2A - Calculus - Lecture 13 - Trigonometric Derivatives_64350.jpg,Hand_Written
463,Math 2A - Calculus - Lecture 13 - Trigonometric Derivatives_84150.jpg,Hand_Written
464,Math 2A - Calculus - Lecture 13 - Trigonometric Derivatives_84450.jpg,Hand_Written
465,Math 2A - Calculus - Lecture 13 - Trigonometric Derivatives_47250.jpg,Hand_Written
466,Math 2A - Calculus - Lecture 13 - Trigonometric Derivatives_50250.jpg,Hand_Written
467,Math 2A - Calculus - Lecture 13 - Trigonometric Derivatives_66450.jpg,Hand_Written
468,Math 2A - Calculus - Lecture 13 - Trigonometric Derivatives_81900.jpg,Hand_Written
469,Math 2A - Calculus - Lecture 13 - Trigonometric Derivatives_34650.jpg,Hand_Written
470,Math 2A - Calculus - Lecture 13 - Trigonometric Derivatives_51300.jpg,Hand_Written
471,Math 2A - Calculus - Lecture 13 - Trigonometric Derivatives_48900.jpg,Hand_Written
472,Math 2A - Calculus - Lecture 13 - Trigonometric Derivatives_31500.jpg,Hand_Written
473,Math 2A - Calculus - Lecture 13 - Trigonometric Derivatives_48450.jpg,Hand_Written
474,Math 2A - Calculus - Lecture 13 - Trigonometric Derivatives_71400.jpg,Hand_Written
475,Math 2A - Calculus - Lecture 13 - Trigonometric Derivatives_48300.jpg,Hand_Written
476,Math 2A - Calculus - Lecture 13 - Trigonometric Derivatives_50400.jpg,Hand_Written
477,Math 2A - Calculus - Lecture 13 - Trigonometric Derivatives_81000.jpg,Hand_Written
478,Math 2A - Calculus - Lecture 13 - Trigonometric Derivatives_84600.jpg,Hand_Written
479,Math 2A - Calculus - Lecture 13 - Trigonometric Derivatives_84300.jpg,Hand_Written
480,Math 2A - Calculus - Lecture 13 - Trigonometric Derivatives_49650.jpg,Hand_Written
481,Math 2A - Calculus - Lecture 13 - Trigonometric Derivatives_47550.jpg,Hand_Written
482,Math 2A - Calculus - Lecture 13 - Trigonometric Derivatives_31200.jpg,Hand_Written
483,Math 2A - Calculus - Lecture 13 - Trigonometric Derivatives_27450.jpg,Hand_Written
484,Math 2A - Calculus - Lecture 13 - Trigonometric Derivatives_27750.jpg,Hand_Written
485,Math 2A - Calculus - Lecture 13 - Trigonometric Derivatives_14700.jpg,Hand_Written
486,Math 2A - Calculus - Lecture 13 - Trigonometric Derivatives_6000.jpg,Hand_Written
487,Math 2A - Calculus - Lecture 13 - Trigonometric Derivatives_47400.jpg,Hand_Written
488,Math 2A - Calculus - Lecture 13 - Trigonometric Derivatives_45900.jpg,Hand_Written
489,Math 2A - Calculus - Lecture 13 - Trigonometric Derivatives_28650.jpg,Hand_Written
490,Math 2A - Calculus - Lecture 13 - Trigonometric Derivatives_29850.jpg,Hand_Written
491,Math 2A - Calculus - Lecture 13 - Trigonometric Derivatives_9750.jpg,Hand_Written
492,Math 2A - Calculus - Lecture 13 - Trigonometric Derivatives_26850.jpg,Hand_Written
493,Math 2A - Calculus - Lecture 13 - Trigonometric Derivatives_36450.jpg,Hand_Written
494,Math 2A - Calculus - Lecture 13 - Trigonometric Derivatives_45450.jpg,Hand_Written
495,Math 2A - Calculus - Lecture 13 - Trigonometric Derivatives_48000.jpg,Hand_Written
496,Math 2A - Calculus - Lecture 13 - Trigonometric Derivatives_6750.jpg,Hand_Written
497,Math 2A - Calculus - Lecture 13 - Trigonometric Derivatives_5700.jpg,Hand_Written
498,Math 2A - Calculus - Lecture 13 - Trigonometric Derivatives_9600.jpg,Hand_Written
499,Math 2A - Calculus - Lecture 13 - Trigonometric Derivatives_45000.jpg,Hand_Written
500,Math 2A - Calculus - Lecture 13 - Trigonometric Derivatives_7200.jpg,Hand_Written
501,Math 2A - Calculus - Lecture 13 - Trigonometric Derivatives_24600.jpg,Hand_Written
502,Math 2A - Calculus - Lecture 13 - Trigonometric Derivatives_20850.jpg,Hand_Written
503,Math 2A - Calculus - Lecture 13 - Trigonometric Derivatives_26550.jpg,Hand_Written
504,Math 2A - Calculus - Lecture 13 - Trigonometric Derivatives_27300.jpg,Hand_Written
505,Math 2A - Calculus - Lecture 13 - Trigonometric Derivatives_5400.jpg,Hand_Written
506,Math 2A - Calculus - Lecture 13 - Trigonometric Derivatives_9450.jpg,Hand_Written
507,Math 2A - Calculus - Lecture 13 - Trigonometric Derivatives_9900.jpg,Hand_Written
508,Math 2A - Calculus - Lecture 13 - Trigonometric Derivatives_9150.jpg,Hand_Written
509,Math 2A - Calculus - Lecture 13 - Trigonometric Derivatives_29700.jpg,Hand_Written
510,Math 2A - Calculus - Lecture 13 - Trigonometric Derivatives_26400.jpg,Hand_Written
511,Math 2A - Calculus - Lecture 13 - Trigonometric Derivatives_9300.jpg,Hand_Written
512,Math 2A - Calculus - Lecture 13 - Trigonometric Derivatives_30300.jpg,Hand_Written
513,Math 2A - Calculus - Lecture 13 - Trigonometric Derivatives_30150.jpg,Hand_Written
514,Math 2A - Calculus - Lecture 13 - Trigonometric Derivatives_28800.jpg,Hand_Written
515,Math 2A - Calculus - Lecture 13 - Trigonometric Derivatives_5850.jpg,Hand_Written
516,Math 2A - Calculus - Lecture 13 - Trigonometric Derivatives_47700.jpg,Hand_Written
517,Math 2A - Calculus - Lecture 13 - Trigonometric Derivatives_26100.jpg,Hand_Written
518,Math 2A - Calculus - Lecture 13 - Trigonometric Derivatives_30450.jpg,Hand_Written
519,Math 2A - Calculus - Lecture 13 - Trigonometric Derivatives_37350.jpg,Hand_Written
520,Math 2A - Calculus - Lecture 13 - Trigonometric Derivatives_5550.jpg,Hand_Written
521,Math 2A - Calculus - Lecture 13 - Trigonometric Derivatives_6450.jpg,Hand_Written
522,Math 2A - Calculus - Lecture 13 - Trigonometric Derivatives_24750.jpg,Hand_Written
523,Math 2A - Calculus - Lecture 13 - Trigonometric Derivatives_37950.jpg,Hand_Written
524,Math 2A - Calculus - Lecture 13 - Trigonometric Derivatives_46650.jpg,Hand_Written
525,Math 2A - Calculus - Lecture 13 - Trigonometric Derivatives_31650.jpg,Hand_Written
526,Math 2A - Calculus - Lecture 13 - Trigonometric Derivatives_44700.jpg,Hand_Written
527,Math 2A - Calculus - Lecture 13 - Trigonometric Derivatives_6300.jpg,Hand_Written
528,Math 2A - Calculus - Lecture 13 - Trigonometric Derivatives_48750.jpg,Hand_Written
529,Math 2A - Calculus - Lecture 13 - Trigonometric Derivatives_45150.jpg,Hand_Written
530,Math 2A - Calculus - Lecture 13 - Trigonometric Derivatives_28500.jpg,Hand_Written
531,Math 2A - Calculus - Lecture 13 - Trigonometric Derivatives_27150.jpg,Hand_Written
532,Math 2A - Calculus - Lecture 13 - Trigonometric Derivatives_48150.jpg,Hand_Written
533,Math 2A - Calculus - Lecture 13 - Trigonometric Derivatives_28350.jpg,Hand_Written
534,Math 2A - Calculus - Lecture 13 - Trigonometric Derivatives_25800.jpg,Hand_Written
535,Math 2A - Calculus - Lecture 13 - Trigonometric Derivatives_25950.jpg,Hand_Written
536,Math 2A - Calculus - Lecture 13 - Trigonometric Derivatives_24900.jpg,Hand_Written
537,Math 2A - Calculus - Lecture 13 - Trigonometric Derivatives_28950.jpg,Hand_Written
538,Math 2A - Calculus - Lecture 13 - Trigonometric Derivatives_25650.jpg,Hand_Written
539,Math 2A - Calculus - Lecture 13 - Trigonometric Derivatives_10050.jpg,Hand_Written
540,Math 2A - Calculus - Lecture 13 - Trigonometric Derivatives_26700.jpg,Hand_Written
541,Math 2A - Calculus - Lecture 13 - Trigonometric Derivatives_29100.jpg,Hand_Written
542,Math 2A - Calculus - Lecture 13 - Trigonometric Derivatives_46350.jpg,Hand_Written
543,Math 2A - Calculus - Lecture 13 - Trigonometric Derivatives_10950.jpg,Hand_Written
544,Math 2A - Calculus - Lecture 13 - Trigonometric Derivatives_2550.jpg,Hand_Written
545,Math 2A - Calculus - Lecture 13 - Trigonometric Derivatives_2700.jpg,Hand_Written
546,Math 2A - Calculus - Lecture 13 - Trigonometric Derivatives_4950.jpg,Hand_Written
547,Math 2A - Calculus - Lecture 13 - Trigonometric Derivatives_13200.jpg,Hand_Written
548,Math 2A - Calculus - Lecture 13 - Trigonometric Derivatives_4350.jpg,Hand_Written
549,Math 2A - Calculus - Lecture 13 - Trigonometric Derivatives_3150.jpg,Hand_Written
550,Math 2A - Calculus - Lecture 13 - Trigonometric Derivatives_3600.jpg,Hand_Written
551,Math 2A - Calculus - Lecture 13 - Trigonometric Derivatives_3450.jpg,Hand_Written
552,Math 2A - Calculus - Lecture 13 - Trigonometric Derivatives_6150.jpg,Hand_Written
553,Math 2A - Calculus - Lecture 13 - Trigonometric Derivatives_6900.jpg,Hand_Written
554,Math 2A - Calculus - Lecture 13 - Trigonometric Derivatives_4200.jpg,Hand_Written
555,Math 2A - Calculus - Lecture 13 - Trigonometric Derivatives_7050.jpg,Hand_Written
556,Math 2A - Calculus - Lecture 13 - Trigonometric Derivatives_5250.jpg,Hand_Written
557,Math 2A - Calculus - Lecture 13 - Trigonometric Derivatives_3300.jpg,Hand_Written
558,Math 2A - Calculus - Lecture 13 - Trigonometric Derivatives_24000.jpg,Hand_Written
559,Math 2A - Calculus - Lecture 13 - Trigonometric Derivatives_5100.jpg,Hand_Written
560,Math 2A - Calculus - Lecture 13 - Trigonometric Derivatives_4050.jpg,Hand_Written
561,Math 2A - Calculus - Lecture 13 - Trigonometric Derivatives_3900.jpg,Hand_Written
562,Math 2A - Calculus - Lecture 13 - Trigonometric Derivatives_4800.jpg,Hand_Written
563,Math 2A - Calculus - Lecture 13 - Trigonometric Derivatives_3750.jpg,Hand_Written
564,Math 2A - Calculus - Lecture 13 - Trigonometric Derivatives_4650.jpg,Hand_Written
565,002 Math 1A_1B - Pre-Calculus - Absolute Value Equations_12.jpeg,DigitalPen
566,002 Math 1A_1B - Pre-Calculus - Absolute Value Equations_6.jpeg,DigitalPen
567,002 Math 1A_1B - Pre-Calculus - Absolute Value Equations_22.jpeg,DigitalPen
568,002 Math 1A_1B - Pre-Calculus - Absolute Value Equations_14.jpeg,DigitalPen
569,002 Math 1A_1B - Pre-Calculus - Absolute Value Equations_7.jpeg,DigitalPen
570,002 Math 1A_1B - Pre-Calculus - Absolute Value Equations_15.jpeg,DigitalPen
571,002 Math 1A_1B - Pre-Calculus - Absolute Value Equations_16.jpeg,DigitalPen
572,002 Math 1A_1B - Pre-Calculus - Absolute Value Equations_9.jpeg,DigitalPen
573,002 Math 1A_1B - Pre-Calculus - Absolute Value Equations_19.jpeg,DigitalPen
574,002 Math 1A_1B - Pre-Calculus - Absolute Value Equations_17.jpeg,DigitalPen
575,002 Math 1A_1B - Pre-Calculus - Absolute Value Equations_18.jpeg,DigitalPen
576,002 Math 1A_1B - Pre-Calculus - Absolute Value Equations_3.jpeg,DigitalPen
577,002 Math 1A_1B - Pre-Calculus - Absolute Value Equations_0.jpeg,DigitalPen
578,002 Math 1A_1B - Pre-Calculus - Absolute Value Equations_8.jpeg,DigitalPen
579,002 Math 1A_1B - Pre-Calculus - Absolute Value Equations_5.jpeg,DigitalPen
580,002 Math 1A_1B - Pre-Calculus - Absolute Value Equations_11.jpeg,DigitalPen
581,002 Math 1A_1B - Pre-Calculus - Absolute Value Equations_1.jpeg,DigitalPen
582,002 Math 1A_1B - Pre-Calculus - Absolute Value Equations_23.jpeg,DigitalPen
583,002 Math 1A_1B - Pre-Calculus - Absolute Value Equations_24.jpeg,DigitalPen
584,003 Math 1A_1B - Pre-Calculus - Absolute Value Inequalities_20.jpeg,DigitalPen
585,003 Math 1A_1B - Pre-Calculus - Absolute Value Inequalities_14 - Copy.jpeg,DigitalPen
586,003 Math 1A_1B - Pre-Calculus - Absolute Value Inequalities_14.jpeg,DigitalPen
587,003 Math 1A_1B - Pre-Calculus - Absolute Value Inequalities_24.jpeg,DigitalPen
588,003 Math 1A_1B - Pre-Calculus - Absolute Value Inequalities_15.jpeg,DigitalPen
589,003 Math 1A_1B - Pre-Calculus - Absolute Value Inequalities_13.jpeg,DigitalPen
590,003 Math 1A_1B - Pre-Calculus - Absolute Value Inequalities_19.jpeg,DigitalPen
591,003 Math 1A_1B - Pre-Calculus - Absolute Value Inequalities_8.jpeg,DigitalPen
592,003 Math 1A_1B - Pre-Calculus - Absolute Value Inequalities_9.jpeg,DigitalPen
593,003 Math 1A_1B - Pre-Calculus - Absolute Value Inequalities_6.jpeg,DigitalPen
594,003 Math 1A_1B - Pre-Calculus - Absolute Value Inequalities_15 - Copy.jpeg,DigitalPen
595,003 Math 1A_1B - Pre-Calculus - Absolute Value Inequalities_18 - Copy.jpeg,DigitalPen
596,003 Math 1A_1B - Pre-Calculus - Absolute Value Inequalities_13 - Copy.jpeg,DigitalPen
597,003 Math 1A_1B - Pre-Calculus - Absolute Value Inequalities_5.jpeg,DigitalPen
598,003 Math 1A_1B - Pre-Calculus - Absolute Value Inequalities_1.jpeg,DigitalPen
599,003 Math 1A_1B - Pre-Calculus - Absolute Value Inequalities_4.jpeg,DigitalPen
600,003 Math 1A_1B - Pre-Calculus - Absolute Value Inequalities_18.jpeg,DigitalPen
601,002 Math 1A_1B - Pre-Calculus - Absolute Value Equations_1_14.jpeg,DigitalPen
602,002 Math 1A_1B - Pre-Calculus - Absolute Value Equations_1_12.jpeg,DigitalPen
603,002 Math 1A_1B - Pre-Calculus - Absolute Value Equations_1_10.jpeg,DigitalPen
604,002 Math 1A_1B - Pre-Calculus - Absolute Value Equations_1_27.jpeg,DigitalPen
605,002 Math 1A_1B - Pre-Calculus - Absolute Value Equations_1_26.jpeg,DigitalPen
606,002 Math 1A_1B - Pre-Calculus - Absolute Value Equations_1_11.jpeg,DigitalPen
607,002 Math 1A_1B - Pre-Calculus - Absolute Value Equations_1_6.jpeg,DigitalPen
608,002 Math 1A_1B - Pre-Calculus - Absolute Value Equations_1_15.jpeg,DigitalPen
609,002 Math 1A_1B - Pre-Calculus - Absolute Value Equations_1_9.jpeg,DigitalPen
610,002 Math 1A_1B - Pre-Calculus - Absolute Value Equations_1_21.jpeg,DigitalPen
611,002 Math 1A_1B - Pre-Calculus - Absolute Value Equations_1_1.jpeg,DigitalPen
612,002 Math 1A_1B - Pre-Calculus - Absolute Value Equations_1_0.jpeg,DigitalPen
613,002 Math 1A_1B - Pre-Calculus - Absolute Value Equations_1_20.jpeg,DigitalPen
614,002 Math 1A_1B - Pre-Calculus - Absolute Value Equations_1_18.jpeg,DigitalPen
615,002 Math 1A_1B - Pre-Calculus - Absolute Value Equations_1_25.jpeg,DigitalPen
616,002 Math 1A_1B - Pre-Calculus - Absolute Value Equations_1_7.jpeg,DigitalPen
617,002 Math 1A_1B - Pre-Calculus - Absolute Value Equations_1_24.jpeg,DigitalPen
618,002 Math 1A_1B - Pre-Calculus - Absolute Value Equations_1_5.jpeg,DigitalPen
619,002 Math 1A_1B - Pre-Calculus - Absolute Value Equations_1_3.jpeg,DigitalPen
620,002 Math 1A_1B - Pre-Calculus - Absolute Value Equations_1_28.jpeg,DigitalPen
621,002 Math 1A_1B - Pre-Calculus - Absolute Value Equations_1_17.jpeg,DigitalPen
622,002 Math 1A_1B - Pre-Calculus - Absolute Value Equations_1_22.jpeg,DigitalPen
623,002 Math 1A_1B - Pre-Calculus - Absolute Value Equations_1_16.jpeg,DigitalPen
624,003 Math 1A_1B - Pre-Calculus - Absolute Value Inequalities_1_1.jpeg,DigitalPen
625,003 Math 1A_1B - Pre-Calculus - Absolute Value Inequalities_1_6.jpeg,DigitalPen
626,003 Math 1A_1B - Pre-Calculus - Absolute Value Inequalities_1_8.jpeg,DigitalPen
627,003 Math 1A_1B - Pre-Calculus - Absolute Value Inequalities_1_5.jpeg,DigitalPen
628,003 Math 1A_1B - Pre-Calculus - Absolute Value Inequalities_1_19.jpeg,DigitalPen
629,003 Math 1A_1B - Pre-Calculus - Absolute Value Inequalities_1_4.jpeg,DigitalPen
630,003 Math 1A_1B - Pre-Calculus - Absolute Value Inequalities_1_15.jpeg,DigitalPen
631,003 Math 1A_1B - Pre-Calculus - Absolute Value Inequalities_1_29.jpeg,DigitalPen
632,003 Math 1A_1B - Pre-Calculus - Absolute Value Inequalities_1_24 - Copy.jpeg,DigitalPen
633,003 Math 1A_1B - Pre-Calculus - Absolute Value Inequalities_1_9.jpeg,DigitalPen
634,003 Math 1A_1B - Pre-Calculus - Absolute Value Inequalities_1_20.jpeg,DigitalPen
635,003 Math 1A_1B - Pre-Calculus - Absolute Value Inequalities_1_28.jpeg,DigitalPen
636,003 Math 1A_1B - Pre-Calculus - Absolute Value Inequalities_1_25.jpeg,DigitalPen
637,003 Math 1A_1B - Pre-Calculus - Absolute Value Inequalities_1_24.jpeg,DigitalPen
638,003 Math 1A_1B - Pre-Calculus - Absolute Value Inequalities_1_14.jpeg,DigitalPen
639,003 Math 1A_1B - Pre-Calculus - Absolute Value Inequalities_1_18.jpeg,DigitalPen
640,003 Math 1A_1B - Pre-Calculus - Absolute Value Inequalities_1_13.jpeg,DigitalPen
641,004 Math 1A_1B - Pre-Calculus - Adding and Subtracting Polynomials_1_18.jpeg,DigitalPen
642,004 Math 1A_1B - Pre-Calculus - Adding and Subtracting Polynomials_1_15.jpeg,DigitalPen
643,004 Math 1A_1B - Pre-Calculus - Adding and Subtracting Polynomials_1_23.jpeg,DigitalPen
644,004 Math 1A_1B - Pre-Calculus - Adding and Subtracting Polynomials_1_28.jpeg,DigitalPen
645,004 Math 1A_1B - Pre-Calculus - Adding and Subtracting Polynomials_1_20.jpeg,DigitalPen
646,004 Math 1A_1B - Pre-Calculus - Adding and Subtracting Polynomials_1_12.jpeg,DigitalPen
647,004 Math 1A_1B - Pre-Calculus - Adding and Subtracting Polynomials_1_14.jpeg,DigitalPen
648,004 Math 1A_1B - Pre-Calculus - Adding and Subtracting Polynomials_1_13.jpeg,DigitalPen
649,004 Math 1A_1B - Pre-Calculus - Adding and Subtracting Polynomials_1_1.jpeg,DigitalPen
650,004 Math 1A_1B - Pre-Calculus - Adding and Subtracting Polynomials_1_5.jpeg,DigitalPen
651,004 Math 1A_1B - Pre-Calculus - Adding and Subtracting Polynomials_1_11.jpeg,DigitalPen
652,004 Math 1A_1B - Pre-Calculus - Adding and Subtracting Polynomials_1_29.jpeg,DigitalPen
653,004 Math 1A_1B - Pre-Calculus - Adding and Subtracting Polynomials_1_6.jpeg,DigitalPen
654,004 Math 1A_1B - Pre-Calculus - Adding and Subtracting Polynomials_1_26.jpeg,DigitalPen
655,004 Math 1A_1B - Pre-Calculus - Adding and Subtracting Polynomials_1_2.jpeg,DigitalPen
656,004 Math 1A_1B - Pre-Calculus - Adding and Subtracting Polynomials_1_21.jpeg,DigitalPen
657,004 Math 1A_1B - Pre-Calculus - Adding and Subtracting Polynomials_1_9.jpeg,DigitalPen
658,004 Math 1A_1B - Pre-Calculus - Adding and Subtracting Polynomials_1_27.jpeg,DigitalPen
659,004 Math 1A_1B - Pre-Calculus - Adding and Subtracting Polynomials_1_22.jpeg,DigitalPen
660,004 Math 1A_1B - Pre-Calculus - Adding and Subtracting Polynomials_1_16.jpeg,DigitalPen
661,004 Math 1A_1B - Pre-Calculus - Adding and Subtracting Polynomials_1_0.jpeg,DigitalPen
662,004 Math 1A_1B - Pre-Calculus - Adding and Subtracting Polynomials_1_24.jpeg,DigitalPen
663,005 Math 1A_1B - Pre-Calculus - Adding and Subtracting Rational Expressions_1_16.jpeg,DigitalPen
664,005 Math 1A_1B - Pre-Calculus - Adding and Subtracting Rational Expressions_1_8.jpeg,DigitalPen
665,005 Math 1A_1B - Pre-Calculus - Adding and Subtracting Rational Expressions_1_25.jpeg,DigitalPen
666,005 Math 1A_1B - Pre-Calculus - Adding and Subtracting Rational Expressions_1_23.jpeg,DigitalPen
667,005 Math 1A_1B - Pre-Calculus - Adding and Subtracting Rational Expressions_1_7.jpeg,DigitalPen
668,005 Math 1A_1B - Pre-Calculus - Adding and Subtracting Rational Expressions_1_27.jpeg,DigitalPen
669,005 Math 1A_1B - Pre-Calculus - Adding and Subtracting Rational Expressions_1_28.jpeg,DigitalPen
670,005 Math 1A_1B - Pre-Calculus - Adding and Subtracting Rational Expressions_1_6.jpeg,DigitalPen
671,005 Math 1A_1B - Pre-Calculus - Adding and Subtracting Rational Expressions_1_21.jpeg,DigitalPen
672,005 Math 1A_1B - Pre-Calculus - Adding and Subtracting Rational Expressions_1_26.jpeg,DigitalPen
673,005 Math 1A_1B - Pre-Calculus - Adding and Subtracting Rational Expressions_1_0.jpeg,DigitalPen
674,005 Math 1A_1B - Pre-Calculus - Adding and Subtracting Rational Expressions_1_19.jpeg,DigitalPen
675,006 Math 1A_1B - Pre-Calculus - Algebraic Symbol Manipulation_26.jpeg,DigitalPen
676,006 Math 1A_1B - Pre-Calculus - Algebraic Symbol Manipulation_21.jpeg,DigitalPen
677,006 Math 1A_1B - Pre-Calculus - Algebraic Symbol Manipulation_11.jpeg,DigitalPen
678,006 Math 1A_1B - Pre-Calculus - Algebraic Symbol Manipulation_28.jpeg,DigitalPen
679,006 Math 1A_1B - Pre-Calculus - Algebraic Symbol Manipulation_9.jpeg,DigitalPen
680,006 Math 1A_1B - Pre-Calculus - Algebraic Symbol Manipulation_5.jpeg,DigitalPen
681,006 Math 1A_1B - Pre-Calculus - Algebraic Symbol Manipulation_22.jpeg,DigitalPen
682,006 Math 1A_1B - Pre-Calculus - Algebraic Symbol Manipulation_6.jpeg,DigitalPen
683,006 Math 1A_1B - Pre-Calculus - Algebraic Symbol Manipulation_29.jpeg,DigitalPen
684,006 Math 1A_1B - Pre-Calculus - Algebraic Symbol Manipulation_19.jpeg,DigitalPen
685,006 Math 1A_1B - Pre-Calculus - Algebraic Symbol Manipulation_7.jpeg,DigitalPen
686,006 Math 1A_1B - Pre-Calculus - Algebraic Symbol Manipulation_23.jpeg,DigitalPen
687,006 Math 1A_1B - Pre-Calculus - Algebraic Symbol Manipulation_15.jpeg,DigitalPen
688,006 Math 1A_1B - Pre-Calculus - Algebraic Symbol Manipulation_12.jpeg,DigitalPen
689,006 Math 1A_1B - Pre-Calculus - Algebraic Symbol Manipulation_14.jpeg,DigitalPen
690,006 Math 1A_1B - Pre-Calculus - Algebraic Symbol Manipulation_10.jpeg,DigitalPen
691,006 Math 1A_1B - Pre-Calculus - Algebraic Symbol Manipulation_2.jpeg,DigitalPen
692,007 Math 1A_1B - Pre-Calculus - Area and Perimeter Word Problems_1_25.jpeg,DigitalPen
693,007 Math 1A_1B - Pre-Calculus - Area and Perimeter Word Problems_1_0.jpeg,DigitalPen
694,007 Math 1A_1B - Pre-Calculus - Area and Perimeter Word Problems_1_23.jpeg,DigitalPen
695,007 Math 1A_1B - Pre-Calculus - Area and Perimeter Word Problems_1_26.jpeg,DigitalPen
696,007 Math 1A_1B - Pre-Calculus - Area and Perimeter Word Problems_1_29.jpeg,DigitalPen
697,007 Math 1A_1B - Pre-Calculus - Area and Perimeter Word Problems_1_28.jpeg,DigitalPen
698,007 Math 1A_1B - Pre-Calculus - Area and Perimeter Word Problems_1_19.jpeg,DigitalPen
699,007 Math 1A_1B - Pre-Calculus - Area and Perimeter Word Problems_1_4.jpeg,DigitalPen
700,007 Math 1A_1B - Pre-Calculus - Area and Perimeter Word Problems_1_11.jpeg,DigitalPen
701,007 Math 1A_1B - Pre-Calculus - Area and Perimeter Word Problems_1_24.jpeg,DigitalPen
702,007 Math 1A_1B - Pre-Calculus - Area and Perimeter Word Problems_1_9.jpeg,DigitalPen
703,007 Math 1A_1B - Pre-Calculus - Area and Perimeter Word Problems_1_22.jpeg,DigitalPen
704,007 Math 1A_1B - Pre-Calculus - Area and Perimeter Word Problems_1_6.jpeg,DigitalPen
705,008 Math 1A_1B - Pre-Calculus - Compound Inequalities_1_10.jpeg,DigitalPen
706,008 Math 1A_1B - Pre-Calculus - Compound Inequalities_1_21.jpeg,DigitalPen
707,008 Math 1A_1B - Pre-Calculus - Compound Inequalities_1_18.jpeg,DigitalPen
708,008 Math 1A_1B - Pre-Calculus - Compound Inequalities_1_9.jpeg,DigitalPen
709,008 Math 1A_1B - Pre-Calculus - Compound Inequalities_1_23.jpeg,DigitalPen
710,008 Math 1A_1B - Pre-Calculus - Compound Inequalities_1_0.jpeg,DigitalPen
711,008 Math 1A_1B - Pre-Calculus - Compound Inequalities_1_22.jpeg,DigitalPen
712,008 Math 1A_1B - Pre-Calculus - Compound Inequalities_1_8.jpeg,DigitalPen
713,008 Math 1A_1B - Pre-Calculus - Compound Inequalities_1_13.jpeg,DigitalPen
714,008 Math 1A_1B - Pre-Calculus - Compound Inequalities_1_29.jpeg,DigitalPen
715,008 Math 1A_1B - Pre-Calculus - Compound Inequalities_1_26.jpeg,DigitalPen
716,008 Math 1A_1B - Pre-Calculus - Compound Inequalities_1_28.jpeg,DigitalPen
717,008 Math 1A_1B - Pre-Calculus - Compound Inequalities_1_24.jpeg,DigitalPen
718,008 Math 1A_1B - Pre-Calculus - Compound Inequalities_1_5.jpeg,DigitalPen
719,009 Math 1A_1B - Pre-Calculus - Simplifying Fractions_1_22.jpeg,DigitalPen
720,009 Math 1A_1B - Pre-Calculus - Simplifying Fractions_1_10.jpeg,DigitalPen
721,009 Math 1A_1B - Pre-Calculus - Simplifying Fractions_1_18.jpeg,DigitalPen
722,009 Math 1A_1B - Pre-Calculus - Simplifying Fractions_1_14.jpeg,DigitalPen
723,009 Math 1A_1B - Pre-Calculus - Simplifying Fractions_1_11.jpeg,DigitalPen
724,009 Math 1A_1B - Pre-Calculus - Simplifying Fractions_1_13.jpeg,DigitalPen
725,009 Math 1A_1B - Pre-Calculus - Simplifying Fractions_1_12.jpeg,DigitalPen
726,009 Math 1A_1B - Pre-Calculus - Simplifying Fractions_1_25.jpeg,DigitalPen
727,009 Math 1A_1B - Pre-Calculus - Simplifying Fractions_1_17.jpeg,DigitalPen
728,009 Math 1A_1B - Pre-Calculus - Simplifying Fractions_1_28.jpeg,DigitalPen
729,009 Math 1A_1B - Pre-Calculus - Simplifying Fractions_1_29.jpeg,DigitalPen
730,009 Math 1A_1B - Pre-Calculus - Simplifying Fractions_1_20.jpeg,DigitalPen
731,009 Math 1A_1B - Pre-Calculus - Simplifying Fractions_1_26.jpeg,DigitalPen
732,009 Math 1A_1B - Pre-Calculus - Simplifying Fractions_1_16.jpeg,DigitalPen
733,009 Math 1A_1B - Pre-Calculus - Simplifying Fractions_1_6.jpeg,DigitalPen
734,009 Math 1A_1B - Pre-Calculus - Simplifying Fractions_1_3.jpeg,DigitalPen
735,009 Math 1A_1B - Pre-Calculus - Simplifying Fractions_1_1.jpeg,DigitalPen
736,009 Math 1A_1B - Pre-Calculus - Simplifying Fractions_1_0.jpeg,DigitalPen
737,009 Math 1A_1B - Pre-Calculus - Simplifying Fractions_1_23.jpeg,DigitalPen
738,010 Math 1A_1B - Pre-Calculus - Compound Inequalities_1_22.jpeg,DigitalPen
739,010 Math 1A_1B - Pre-Calculus - Compound Inequalities_1_13.jpeg,DigitalPen
740,010 Math 1A_1B - Pre-Calculus - Compound Inequalities_1_24.jpeg,DigitalPen
741,010 Math 1A_1B - Pre-Calculus - Compound Inequalities_1_2.jpeg,DigitalPen
742,010 Math 1A_1B - Pre-Calculus - Compound Inequalities_1_23.jpeg,DigitalPen
743,010 Math 1A_1B - Pre-Calculus - Compound Inequalities_1_10.jpeg,DigitalPen
744,020 Math 1A_1B - Pre-Calculus - Linear Word Problems_1_28.jpeg,DigitalPen
745,020 Math 1A_1B - Pre-Calculus - Linear Word Problems_1_29.jpeg,DigitalPen
746,020 Math 1A_1B - Pre-Calculus - Linear Word Problems_1_22.jpeg,DigitalPen
747,020 Math 1A_1B - Pre-Calculus - Linear Word Problems_1_20.jpeg,DigitalPen
748,020 Math 1A_1B - Pre-Calculus - Linear Word Problems_1_26 - Copy.jpeg,DigitalPen
749,020 Math 1A_1B - Pre-Calculus - Linear Word Problems_1_14 - Copy.jpeg,DigitalPen
750,020 Math 1A_1B - Pre-Calculus - Linear Word Problems_1_27 - Copy.jpeg,DigitalPen
751,020 Math 1A_1B - Pre-Calculus - Linear Word Problems_1_29 - Copy.jpeg,DigitalPen
752,020 Math 1A_1B - Pre-Calculus - Linear Word Problems_1_21.jpeg,DigitalPen
753,021 Math 1A_1B - Pre-Calculus - Mixture Problems Using Linear Equations_1_16.jpeg,DigitalPen
754,021 Math 1A_1B - Pre-Calculus - Mixture Problems Using Linear Equations_1_3.jpeg,DigitalPen
755,021 Math 1A_1B - Pre-Calculus - Mixture Problems Using Linear Equations_1_14.jpeg,DigitalPen
756,021 Math 1A_1B - Pre-Calculus - Mixture Problems Using Linear Equations_1_2.jpeg,DigitalPen
757,021 Math 1A_1B - Pre-Calculus - Mixture Problems Using Linear Equations_1_7 - Copy.jpeg,DigitalPen
758,021 Math 1A_1B - Pre-Calculus - Mixture Problems Using Linear Equations_1_29.jpeg,DigitalPen
759,021 Math 1A_1B - Pre-Calculus - Mixture Problems Using Linear Equations_1_17.jpeg,DigitalPen
760,021 Math 1A_1B - Pre-Calculus - Mixture Problems Using Linear Equations_1_26.jpeg,DigitalPen
761,021 Math 1A_1B - Pre-Calculus - Mixture Problems Using Linear Equations_1_19.jpeg,DigitalPen
762,021 Math 1A_1B - Pre-Calculus - Mixture Problems Using Linear Equations_1_13.jpeg,DigitalPen
763,021 Math 1A_1B - Pre-Calculus - Mixture Problems Using Linear Equations_1_12.jpeg,DigitalPen
764,021 Math 1A_1B - Pre-Calculus - Mixture Problems Using Linear Equations_1_15.jpeg,DigitalPen
765,021 Math 1A_1B - Pre-Calculus - Mixture Problems Using Linear Equations_1_8 - Copy.jpeg,DigitalPen
766,021 Math 1A_1B - Pre-Calculus - Mixture Problems Using Linear Equations_1_25.jpeg,DigitalPen
767,021 Math 1A_1B - Pre-Calculus - Mixture Problems Using Linear Equations_1_0.jpeg,DigitalPen
768,021 Math 1A_1B - Pre-Calculus - Mixture Problems Using Linear Equations_1_9 - Copy.jpeg,DigitalPen
769,023 Math 1A_1B - Pre-Calculus - Multiple Operations with Complex Numbers_1_6.jpeg,DigitalPen
770,023 Math 1A_1B - Pre-Calculus - Multiple Operations with Complex Numbers_1_2.jpeg,DigitalPen
771,023 Math 1A_1B - Pre-Calculus - Multiple Operations with Complex Numbers_1_3.jpeg,DigitalPen
772,023 Math 1A_1B - Pre-Calculus - Multiple Operations with Complex Numbers_1_0.jpeg,DigitalPen
773,023 Math 1A_1B - Pre-Calculus - Multiple Operations with Complex Numbers_1_13.jpeg,DigitalPen
774,023 Math 1A_1B - Pre-Calculus - Multiple Operations with Complex Numbers_1_27.jpeg,DigitalPen
775,023 Math 1A_1B - Pre-Calculus - Multiple Operations with Complex Numbers_1_25.jpeg,DigitalPen
776,023 Math 1A_1B - Pre-Calculus - Multiple Operations with Complex Numbers_1_10.jpeg,DigitalPen
777,023 Math 1A_1B - Pre-Calculus - Multiple Operations with Complex Numbers_1_16.jpeg,DigitalPen
778,023 Math 1A_1B - Pre-Calculus - Multiple Operations with Complex Numbers_1_7.jpeg,DigitalPen
779,023 Math 1A_1B - Pre-Calculus - Multiple Operations with Complex Numbers_1_26.jpeg,DigitalPen
780,023 Math 1A_1B - Pre-Calculus - Multiple Operations with Complex Numbers_1_15.jpeg,DigitalPen
781,023 Math 1A_1B - Pre-Calculus - Multiple Operations with Complex Numbers_1_17.jpeg,DigitalPen
782,023 Math 1A_1B - Pre-Calculus - Multiple Operations with Complex Numbers_1_18.jpeg,DigitalPen
783,023 Math 1A_1B - Pre-Calculus - Multiple Operations with Complex Numbers_1_22.jpeg,DigitalPen
784,023 Math 1A_1B - Pre-Calculus - Multiple Operations with Complex Numbers_1_12.jpeg,DigitalPen
785,023 Math 1A_1B - Pre-Calculus - Multiple Operations with Complex Numbers_1_29.jpeg,DigitalPen
786,023 Math 1A_1B - Pre-Calculus - Multiple Operations with Complex Numbers_1_14.jpeg,DigitalPen
787,023 Math 1A_1B - Pre-Calculus - Multiple Operations with Complex Numbers_1_8.jpeg,DigitalPen
788,024 Math 1A_1B - Pre-Calculus - Multiple Operations with Polynomials_1_26.jpeg,DigitalPen
789,024 Math 1A_1B - Pre-Calculus - Multiple Operations with Polynomials_1_22.jpeg,DigitalPen
790,024 Math 1A_1B - Pre-Calculus - Multiple Operations with Polynomials_1_15.jpeg,DigitalPen
791,024 Math 1A_1B - Pre-Calculus - Multiple Operations with Polynomials_1_13.jpeg,DigitalPen
792,024 Math 1A_1B - Pre-Calculus - Multiple Operations with Polynomials_1_23.jpeg,DigitalPen
793,024 Math 1A_1B - Pre-Calculus - Multiple Operations with Polynomials_1_16.jpeg,DigitalPen
794,024 Math 1A_1B - Pre-Calculus - Multiple Operations with Polynomials_1_7.jpeg,DigitalPen
795,024 Math 1A_1B - Pre-Calculus - Multiple Operations with Polynomials_1_8.jpeg,DigitalPen
796,024 Math 1A_1B - Pre-Calculus - Multiple Operations with Polynomials_1_6.jpeg,DigitalPen
797,024 Math 1A_1B - Pre-Calculus - Multiple Operations with Polynomials_1_11.jpeg,DigitalPen
798,024 Math 1A_1B - Pre-Calculus - Multiple Operations with Polynomials_1_24.jpeg,DigitalPen
799,024 Math 1A_1B - Pre-Calculus - Multiple Operations with Polynomials_1_0.jpeg,DigitalPen
800,024 Math 1A_1B - Pre-Calculus - Multiple Operations with Polynomials_1_2.jpeg,DigitalPen
801,024 Math 1A_1B - Pre-Calculus - Multiple Operations with Polynomials_1_25.jpeg,DigitalPen
802,024 Math 1A_1B - Pre-Calculus - Multiple Operations with Polynomials_1_17.jpeg,DigitalPen
803,024 Math 1A_1B - Pre-Calculus - Multiple Operations with Polynomials_1_21.jpeg,DigitalPen
804,024 Math 1A_1B - Pre-Calculus - Multiple Operations with Polynomials_1_12.jpeg,DigitalPen
805,024 Math 1A_1B - Pre-Calculus - Multiple Operations with Polynomials_1_4.jpeg,DigitalPen
806,024 Math 1A_1B - Pre-Calculus - Multiple Operations with Polynomials_1_20.jpeg,DigitalPen
807,024 Math 1A_1B - Pre-Calculus - Multiple Operations with Polynomials_1_10.jpeg,DigitalPen
808,025 Math 1A_1B - Pre-Calculus - Multiplication of Polynomials_4.jpeg,DigitalPen
809,025 Math 1A_1B - Pre-Calculus - Multiplication of Polynomials_29.jpeg,DigitalPen
810,025 Math 1A_1B - Pre-Calculus - Multiplication of Polynomials_16.jpeg,DigitalPen
811,025 Math 1A_1B - Pre-Calculus - Multiplication of Polynomials_2.jpeg,DigitalPen
812,025 Math 1A_1B - Pre-Calculus - Multiplication of Polynomials_12.jpeg,DigitalPen
813,025 Math 1A_1B - Pre-Calculus - Multiplication of Polynomials_20.jpeg,DigitalPen
814,025 Math 1A_1B - Pre-Calculus - Multiplication of Polynomials_24.jpeg,DigitalPen
815,025 Math 1A_1B - Pre-Calculus - Multiplication of Polynomials_10.jpeg,DigitalPen
816,025 Math 1A_1B - Pre-Calculus - Multiplication of Polynomials_26.jpeg,DigitalPen
817,025 Math 1A_1B - Pre-Calculus - Multiplication of Polynomials_7.jpeg,DigitalPen
818,025 Math 1A_1B - Pre-Calculus - Multiplication of Polynomials_11.jpeg,DigitalPen
819,025 Math 1A_1B - Pre-Calculus - Multiplication of Polynomials_0.jpeg,DigitalPen
820,025 Math 1A_1B - Pre-Calculus - Multiplication of Polynomials_17.jpeg,DigitalPen
821,025 Math 1A_1B - Pre-Calculus - Multiplication of Polynomials_14.jpeg,DigitalPen
822,025 Math 1A_1B - Pre-Calculus - Multiplication of Polynomials_19.jpeg,DigitalPen
823,025 Math 1A_1B - Pre-Calculus - Multiplication of Polynomials_5.jpeg,DigitalPen
824,025 Math 1A_1B - Pre-Calculus - Multiplication of Polynomials_13.jpeg,DigitalPen
825,027 Math 1A_1B - Pre-Calculus - Multiplication Involving Square Roots_1_0.jpeg,DigitalPen
826,027 Math 1A_1B - Pre-Calculus - Multiplication Involving Square Roots_1_4.jpeg,DigitalPen
827,027 Math 1A_1B - Pre-Calculus - Multiplication Involving Square Roots_1_5.jpeg,DigitalPen
828,027 Math 1A_1B - Pre-Calculus - Multiplication Involving Square Roots_1_7.jpeg,DigitalPen
829,027 Math 1A_1B - Pre-Calculus - Multiplication Involving Square Roots_1_14.jpeg,DigitalPen
830,027 Math 1A_1B - Pre-Calculus - Multiplication Involving Square Roots_1_20.jpeg,DigitalPen
831,027 Math 1A_1B - Pre-Calculus - Multiplication Involving Square Roots_1_29.jpeg,DigitalPen
832,027 Math 1A_1B - Pre-Calculus - Multiplication Involving Square Roots_1_13.jpeg,DigitalPen
833,027 Math 1A_1B - Pre-Calculus - Multiplication Involving Square Roots_1_21.jpeg,DigitalPen
834,027 Math 1A_1B - Pre-Calculus - Multiplication Involving Square Roots_1_24.jpeg,DigitalPen
835,027 Math 1A_1B - Pre-Calculus - Multiplication Involving Square Roots_1_15.jpeg,DigitalPen
836,027 Math 1A_1B - Pre-Calculus - Multiplication Involving Square Roots_1_28.jpeg,DigitalPen
837,027 Math 1A_1B - Pre-Calculus - Multiplication Involving Square Roots_1_22.jpeg,DigitalPen
838,027 Math 1A_1B - Pre-Calculus - Multiplication Involving Square Roots_1_17.jpeg,DigitalPen
839,027 Math 1A_1B - Pre-Calculus - Multiplication Involving Square Roots_1_6.jpeg,DigitalPen
840,027 Math 1A_1B - Pre-Calculus - Multiplication Involving Square Roots_1_8.jpeg,DigitalPen
841,027 Math 1A_1B - Pre-Calculus - Multiplication Involving Square Roots_1_11.jpeg,DigitalPen
842,027 Math 1A_1B - Pre-Calculus - Multiplication Involving Square Roots_1_25.jpeg,DigitalPen
843,027 Math 1A_1B - Pre-Calculus - Multiplication Involving Square Roots_1_16.jpeg,DigitalPen
844,027 Math 1A_1B - Pre-Calculus - Multiplication Involving Square Roots_1_2.jpeg,DigitalPen
845,028 Math 1A_1B - Pre-Calculus - Adding and Subtracting Complex Numbers_13.jpeg,DigitalPen
846,028 Math 1A_1B - Pre-Calculus - Adding and Subtracting Complex Numbers_19.jpeg,DigitalPen
847,028 Math 1A_1B - Pre-Calculus - Adding and Subtracting Complex Numbers_11.jpeg,DigitalPen
848,028 Math 1A_1B - Pre-Calculus - Adding and Subtracting Complex Numbers_24.jpeg,DigitalPen
849,028 Math 1A_1B - Pre-Calculus - Adding and Subtracting Complex Numbers_12.jpeg,DigitalPen
850,028 Math 1A_1B - Pre-Calculus - Adding and Subtracting Complex Numbers_23.jpeg,DigitalPen
851,028 Math 1A_1B - Pre-Calculus - Adding and Subtracting Complex Numbers_6.jpeg,DigitalPen
852,028 Math 1A_1B - Pre-Calculus - Adding and Subtracting Complex Numbers_21.jpeg,DigitalPen
853,028 Math 1A_1B - Pre-Calculus - Adding and Subtracting Complex Numbers_5.jpeg,DigitalPen
854,028 Math 1A_1B - Pre-Calculus - Adding and Subtracting Complex Numbers_10.jpeg,DigitalPen
855,028 Math 1A_1B - Pre-Calculus - Adding and Subtracting Complex Numbers_9.jpeg,DigitalPen
856,028 Math 1A_1B - Pre-Calculus - Adding and Subtracting Complex Numbers_15.jpeg,DigitalPen
857,028 Math 1A_1B - Pre-Calculus - Adding and Subtracting Complex Numbers_7.jpeg,DigitalPen
858,028 Math 1A_1B - Pre-Calculus - Adding and Subtracting Complex Numbers_2.jpeg,DigitalPen
859,028 Math 1A_1B - Pre-Calculus - Adding and Subtracting Complex Numbers_26.jpeg,DigitalPen
860,028 Math 1A_1B - Pre-Calculus - Adding and Subtracting Complex Numbers_0.jpeg,DigitalPen
861,028 Math 1A_1B - Pre-Calculus - Adding and Subtracting Complex Numbers_27.jpeg,DigitalPen
862,029 Math 1A_1B - Pre-Calculus - Multiplying Complex Numbers_16.jpeg,DigitalPen
863,029 Math 1A_1B - Pre-Calculus - Multiplying Complex Numbers_13.jpeg,DigitalPen
864,029 Math 1A_1B - Pre-Calculus - Multiplying Complex Numbers_11.jpeg,DigitalPen
865,029 Math 1A_1B - Pre-Calculus - Multiplying Complex Numbers_15.jpeg,DigitalPen
866,029 Math 1A_1B - Pre-Calculus - Multiplying Complex Numbers_12.jpeg,DigitalPen
867,029 Math 1A_1B - Pre-Calculus - Multiplying Complex Numbers_14.jpeg,DigitalPen
868,029 Math 1A_1B - Pre-Calculus - Multiplying Complex Numbers_0.jpeg,DigitalPen
869,Split 002_5_9.jpeg,DigitalPen
870,Split 002_5_7.jpeg,DigitalPen
871,Split 002_5_8.jpeg,DigitalPen
872,Split 002_5_10.jpeg,DigitalPen
873,Split 002_5_11.jpeg,DigitalPen
874,Split 002_6_4.jpeg,DigitalPen
875,Split 002_6_0.jpeg,DigitalPen
876,Split 002_6_3.jpeg,DigitalPen
877,Split 002_6_7.jpeg,DigitalPen
878,Split 002_6_2.jpeg,DigitalPen
879,Split 002_6_8.jpeg,DigitalPen
880,Split 002_6_5.jpeg,DigitalPen
881,Split 002_6_9.jpeg,DigitalPen
882,Split 002_6_6.jpeg,DigitalPen
883,Split 002_6_10.jpeg,DigitalPen
884,Split 002_6_1.jpeg,DigitalPen
885,Split 002_6_11.jpeg,DigitalPen
886,Split 002_7_1.jpeg,DigitalPen
887,Split 002_7_3.jpeg,DigitalPen
888,Split 002_7_4.jpeg,DigitalPen
889,Split 002_7_6.jpeg,DigitalPen
890,Split 002_7_0.jpeg,DigitalPen
891,Split 002_7_5.jpeg,DigitalPen
892,Split 002_7_2.jpeg,DigitalPen
893,Split 002_7_10.jpeg,DigitalPen
894,Split 002_7_11.jpeg,DigitalPen
895,Split 002_7_9.jpeg,DigitalPen
896,Split 002_7_7.jpeg,DigitalPen
897,Split 002_7_8.jpeg,DigitalPen
898,Split 002_8_0.jpeg,DigitalPen
899,Split 007_10_11.jpeg,DigitalPen
900,Split 007_10_1.jpeg,DigitalPen
901,Split 007_10_9.jpeg,DigitalPen
902,Split 007_10_2.jpeg,DigitalPen
903,Split 007_10_7.jpeg,DigitalPen
904,Split 007_10_6.jpeg,DigitalPen
905,Split 007_10_5.jpeg,DigitalPen
906,Split 007_10_8.jpeg,DigitalPen
907,Split 007_10_4.jpeg,DigitalPen
908,Split 007_10_10.jpeg,DigitalPen
909,Split 007_10_3.jpeg,DigitalPen
910,Split 008_1_11.jpeg,DigitalPen
911,Split 008_1_6.jpeg,DigitalPen
912,Split 008_1_0.jpeg,DigitalPen
913,Split 008_1_1.jpeg,DigitalPen
914,Split 008_1_10.jpeg,DigitalPen
915,Split 008_1_2.jpeg,DigitalPen
916,Split 008_1_4.jpeg,DigitalPen
917,Split 008_1_5.jpeg,DigitalPen
918,Split 008_1_3.jpeg,DigitalPen
919,Split 008_10_9.jpeg,DigitalPen
920,Split 008_10_2.jpeg,DigitalPen
921,Split 008_10_8.jpeg,DigitalPen
922,Split 008_10_11.jpeg,DigitalPen
923,Split 008_10_4.jpeg,DigitalPen
924,Split 008_10_0.jpeg,DigitalPen
925,Split 008_10_5.jpeg,DigitalPen
926,Split 008_10_10.jpeg,DigitalPen
927,Split 008_10_3.jpeg,DigitalPen
928,Split 008_10_1.jpeg,DigitalPen
929,Split 008_10_7.jpeg,DigitalPen
930,Split 008_10_6.jpeg,DigitalPen
931,Split 008_3_8.jpeg,DigitalPen
932,Split 008_3_1.jpeg,DigitalPen
933,Split 008_3_10.jpeg,DigitalPen
934,Split 008_3_6.jpeg,DigitalPen
935,Split 008_3_4.jpeg,DigitalPen
936,Split 008_3_11.jpeg,DigitalPen
937,Split 008_3_9.jpeg,DigitalPen
938,Split 008_3_5.jpeg,DigitalPen
939,Split 008_3_7.jpeg,DigitalPen
940,Split 008_3_2.jpeg,DigitalPen
941,Split 008_3_3.jpeg,DigitalPen
942,Split 008_3_0.jpeg,DigitalPen
943,Split 008_4_8.jpeg,DigitalPen
944,Split 008_4_6.jpeg,DigitalPen
945,Split 008_4_2.jpeg,DigitalPen
946,Split 008_4_5.jpeg,DigitalPen
947,Split 008_4_10.jpeg,DigitalPen
948,Split 008_4_4.jpeg,DigitalPen
949,Split 008_4_3.jpeg,DigitalPen
950,Split 008_4_7.jpeg,DigitalPen
951,Split 008_4_11.jpeg,DigitalPen
952,Split 008_4_1.jpeg,DigitalPen
953,Split 008_4_9.jpeg,DigitalPen
954,Split 008_4_0.jpeg,DigitalPen
955,Split 008_5_9.jpeg,DigitalPen
956,Split 008_5_3.jpeg,DigitalPen
957,Split 008_5_5.jpeg,DigitalPen
958,Split 008_5_1.jpeg,DigitalPen
959,Split 008_5_2.jpeg,DigitalPen
960,Split 008_5_11.jpeg,DigitalPen
961,Split 008_5_8.jpeg,DigitalPen
962,Split 008_5_4.jpeg,DigitalPen
963,Split 008_5_10.jpeg,DigitalPen
964,Split 008_5_7.jpeg,DigitalPen
965,Split 008_5_6.jpeg,DigitalPen
966,Split 008_5_0.jpeg,DigitalPen
967,Split 008_6_3.jpeg,DigitalPen
968,Split 008_6_2.jpeg,DigitalPen
969,Split 008_6_9.jpeg,DigitalPen
970,Split 008_6_6.jpeg,DigitalPen
971,Split 008_6_5.jpeg,DigitalPen
972,Split 008_6_8.jpeg,DigitalPen
973,Split 008_6_10.jpeg,DigitalPen
974,Split 008_6_1.jpeg,DigitalPen
975,Split 008_6_0.jpeg,DigitalPen
976,Split 008_6_11.jpeg,DigitalPen
977,Split 008_6_7.jpeg,DigitalPen
978,Split 008_6_4.jpeg,DigitalPen
979,Split 008_7_8.jpeg,DigitalPen
980,Split 008_7_11.jpeg,DigitalPen
981,Split 008_7_1.jpeg,DigitalPen
982,Split 008_7_6.jpeg,DigitalPen
983,Split 008_7_2.jpeg,DigitalPen
984,Split 008_7_4.jpeg,DigitalPen
985,Split 008_7_7.jpeg,DigitalPen
986,Split 008_7_3.jpeg,DigitalPen
987,Split 008_7_0.jpeg,DigitalPen
988,Split 008_7_5.jpeg,DigitalPen
989,Split 008_7_9.jpeg,DigitalPen
990,Split 008_8_7.jpeg,DigitalPen
991,Split 008_8_9.jpeg,DigitalPen
992,Split 008_8_1.jpeg,DigitalPen
993,Split 008_8_3.jpeg,DigitalPen
994,Split 008_8_2.jpeg,DigitalPen
995,Split 008_8_8.jpeg,DigitalPen
996,Split 008_8_10.jpeg,DigitalPen
997,Split 008_8_11.jpeg,DigitalPen
998,Split 008_9_7.jpeg,DigitalPen
999,Split 008_9_11.jpeg,DigitalPen
1000,Split 008_9_2.jpeg,DigitalPen
1001,Split 008_9_3.jpeg,DigitalPen
1002,Split 008_9_5.jpeg,DigitalPen
1003,Split 008_9_0.jpeg,DigitalPen
1004,Split 008_9_1.jpeg,DigitalPen
1005,Split 008_9_4.jpeg,DigitalPen
1006,Split 009_1_6.jpeg,DigitalPen
1007,Split 009_1_7.jpeg,DigitalPen
1008,Split 009_1_0.jpeg,DigitalPen
1009,Split 009_1_2.jpeg,DigitalPen
1010,Split 009_1_3.jpeg,DigitalPen
1011,Split 009_1_1.jpeg,DigitalPen
1012,Split 009_1_5.jpeg,DigitalPen
1013,Split 009_1_4.jpeg,DigitalPen
1014,Split 009_1_8.jpeg,DigitalPen
1015,Split 009_1_11.jpeg,DigitalPen
1016,Split 009_1_10.jpeg,DigitalPen
1017,Split 009_1_9.jpeg,DigitalPen
1018,Split 009_10_4.jpeg,DigitalPen
1019,Split 009_10_9.jpeg,DigitalPen
1020,Split 009_10_5.jpeg,DigitalPen
1021,Split 009_10_10.jpeg,DigitalPen
1022,Split 009_10_1.jpeg,DigitalPen
1023,Split 009_10_3.jpeg,DigitalPen
1024,Split 009_10_8.jpeg,DigitalPen
1025,Split 009_10_2.jpeg,DigitalPen
1026,Split 009_10_0.jpeg,DigitalPen
1027,Split 009_10_7.jpeg,DigitalPen
1028,Split 009_10_11.jpeg,DigitalPen
1029,Split 009_10_6.jpeg,DigitalPen
1030,Split 009_2_0.jpeg,DigitalPen
1031,Split 009_2_2.jpeg,DigitalPen
1032,Split 009_2_4.jpeg,DigitalPen
1033,Split 009_2_1.jpeg,DigitalPen
1034,Split 009_2_3.jpeg,DigitalPen
1035,Split 009_2_6.jpeg,DigitalPen
1036,Split 009_2_5.jpeg,DigitalPen
1037,Split 009_2_8.jpeg,DigitalPen
1038,Split 009_2_7.jpeg,DigitalPen
1039,Split 009_2_11.jpeg,DigitalPen
1040,Split 009_2_9.jpeg,DigitalPen
1041,Split 009_6_1.jpeg,DigitalPen
1042,Split 009_6_7.jpeg,DigitalPen
1043,Split 009_6_8.jpeg,DigitalPen
1044,Split 009_6_2.jpeg,DigitalPen
1045,Split 009_6_3.jpeg,DigitalPen
1046,Split 009_6_6.jpeg,DigitalPen
1047,Split 009_6_4.jpeg,DigitalPen
1048,Split 009_6_5.jpeg,DigitalPen
1049,Split 009_7_0.jpeg,DigitalPen
1050,Split 009_7_9.jpeg,DigitalPen
1051,Split 009_7_7.jpeg,DigitalPen
1052,Split 009_7_3.jpeg,DigitalPen
1053,Split 009_7_5.jpeg,DigitalPen
1054,Split 009_7_6.jpeg,DigitalPen
1055,Split 009_7_1.jpeg,DigitalPen
1056,Split 009_7_8.jpeg,DigitalPen
1057,Split 009_7_2.jpeg,DigitalPen
1058,Split 009_7_4.jpeg,DigitalPen
1059,Split 009_7_11.jpeg,DigitalPen
1060,Split 009_7_10.jpeg,DigitalPen
1061,Split 009_8_7.jpeg,DigitalPen
1062,Split 009_8_8.jpeg,DigitalPen
1063,Split 009_8_10.jpeg,DigitalPen
1064,Split 009_8_6.jpeg,DigitalPen
1065,Split 009_8_3.jpeg,DigitalPen
1066,Split 009_8_0.jpeg,DigitalPen
1067,Split 009_8_1.jpeg,DigitalPen
1068,Split 009_8_5.jpeg,DigitalPen
1069,Split 009_8_11.jpeg,DigitalPen
1070,Split 009_8_2.jpeg,DigitalPen
1071,Split 009_8_9.jpeg,DigitalPen
1072,Split 009_8_4.jpeg,DigitalPen
1073,Split 009_9_7.jpeg,DigitalPen
1074,Split 009_9_11.jpeg,DigitalPen
1075,Split 009_9_0.jpeg,DigitalPen
1076,Split 009_9_10.jpeg,DigitalPen
1077,Split 009_9_3.jpeg,DigitalPen
1078,Split 009_9_9.jpeg,DigitalPen
1079,Split 009_9_8.jpeg,DigitalPen
1080,Split 009_9_4.jpeg,DigitalPen
1081,Split 009_9_5.jpeg,DigitalPen
1082,Split 012_1_0.jpeg,DigitalPen
1083,Split 012_1_10.jpeg,DigitalPen
1084,Split 012_1_8.jpeg,DigitalPen
1085,Split 012_1_9.jpeg,DigitalPen
1086,Split 012_1_6.jpeg,DigitalPen
1087,Split 012_1_5.jpeg,DigitalPen
1088,Split 012_1_2.jpeg,DigitalPen
1089,Split 012_1_4.jpeg,DigitalPen
1090,Split 012_1_11.jpeg,DigitalPen
1091,Split 012_1_7.jpeg,DigitalPen
1092,Split 012_1_3.jpeg,DigitalPen
1093,Split 012_1_1.jpeg,DigitalPen
1094,Split 012_10_7.jpeg,DigitalPen
1095,Split 012_10_0.jpeg,DigitalPen
1096,Split 012_10_5.jpeg,DigitalPen
1097,Split 012_10_10.jpeg,DigitalPen
1098,Split 012_10_2.jpeg,DigitalPen
1099,Split 012_10_6.jpeg,DigitalPen
1100,Split 012_10_9.jpeg,DigitalPen
1101,Split 012_10_11.jpeg,DigitalPen
1102,Split 012_10_8.jpeg,DigitalPen
1103,Split 012_10_1.jpeg,DigitalPen
1104,Split 012_10_3.jpeg,DigitalPen
1105,Split 012_10_4.jpeg,DigitalPen
1106,Split 012_2_7.jpeg,DigitalPen
1107,Split 012_2_3.jpeg,DigitalPen
1108,Split 012_2_9.jpeg,DigitalPen
1109,Split 012_2_2.jpeg,DigitalPen
1110,Split 012_2_1.jpeg,DigitalPen
1111,Split 012_2_4.jpeg,DigitalPen
1112,Split 012_2_0.jpeg,DigitalPen
1113,Split 012_3_0.jpeg,DigitalPen
1114,Split 012_3_2.jpeg,DigitalPen
1115,Split 012_3_1.jpeg,DigitalPen
1116,Split 012_3_7.jpeg,DigitalPen
1117,Split 012_3_11.jpeg,DigitalPen
1118,Split 012_3_8.jpeg,DigitalPen
1119,Split 012_3_6.jpeg,DigitalPen
1120,Split 012_3_9.jpeg,DigitalPen
1121,Split 012_3_10.jpeg,DigitalPen
1122,Split 012_3_4.jpeg,DigitalPen
1123,Split 012_3_3.jpeg,DigitalPen
1124,Split 012_7_8.jpeg,DigitalPen
1125,Split 012_7_4.jpeg,DigitalPen
1126,Split 012_7_9.jpeg,DigitalPen
1127,Split 012_7_5.jpeg,DigitalPen
1128,Split 012_7_11.jpeg,DigitalPen
1129,Split 012_7_6.jpeg,DigitalPen
1130,Split 012_7_0.jpeg,DigitalPen
1131,Split 012_7_10.jpeg,DigitalPen
1132,Split 012_7_7.jpeg,DigitalPen
1133,Split 012_7_2.jpeg,DigitalPen
1134,Split 012_7_1.jpeg,DigitalPen
1135,Split 012_8_0.jpeg,DigitalPen
1136,Split 012_8_1.jpeg,DigitalPen
1137,Split 012_8_2.jpeg,DigitalPen
1138,Split 012_8_5.jpeg,DigitalPen
1139,Split 012_8_7.jpeg,DigitalPen
1140,Split 012_8_10.jpeg,DigitalPen
1141,Split 012_8_9.jpeg,DigitalPen
1142,Split 012_8_4.jpeg,DigitalPen
1143,Split 012_8_11.jpeg,DigitalPen
1144,Split 012_9_0.jpeg,DigitalPen
1145,Split 012_9_2.jpeg,DigitalPen
1146,Split 012_9_11.jpeg,DigitalPen
1147,Split 012_9_10.jpeg,DigitalPen
1148,Split 012_9_5.jpeg,DigitalPen
1149,Split 012_9_6.jpeg,DigitalPen
1150,Split 012_9_8.jpeg,DigitalPen
1151,Split 012_9_9.jpeg,DigitalPen
1152,Split 012_9_3.jpeg,DigitalPen
1153,Split 012_9_4.jpeg,DigitalPen
1154,Split 012_9_7.jpeg,DigitalPen
1155,Split 012_9_1.jpeg,DigitalPen
